task_lang,transfer_lang,bleu
gd,ar,53.75012861960521
ar,ar,37.09568466367304
ru,ar,16.129974043213704
he,ar,15.122888558238287
el,ar,12.70019122554739
de,ar,11.941178790523743
tk,ar,11.904553850611263
zu,ar,11.556671876301351
zh,ar,10.439743073572744
ig,ar,10.307051074482947
uk,ar,9.800212996524202
nb,ar,9.374940942675106
et,ar,9.109732568226493
bg,ar,8.54038141774248
ro,ar,8.359869345012546
mk,ar,8.183262305850903
mt,ar,8.14761718087315
be,ar,7.393981135660256
th,ar,7.084556359642788
ky,ar,7.009404975062325
cs,ar,6.6314250647282
gu,ar,6.465337080425867
li,ar,6.42205152708353
km,ar,6.211629352919334
nn,ar,6.025563151542319
lv,ar,5.752995066477684
cy,ar,5.629334016703921
fr,ar,5.576072833458406
sq,ar,5.459441335835404
af,ar,5.452160127444647
sh,ar,5.33401676346562
it,ar,5.262135792632085
id,ar,5.06100517195571
te,ar,4.968531272535414
mg,ar,4.858016867260325
kk,ar,4.790641156555007
ms,ar,4.740117660055566
ga,ar,4.680671835563412
sk,ar,4.560113873591633
pt,ar,4.443197053627446
oc,ar,4.379632879122622
br,ar,4.309988033934544
lt,ar,4.296813649318607
ko,ar,4.232125770414298
ca,ar,4.155416254499443
da,ar,4.086392212521612
fy,ar,4.063790691152417
nl,ar,4.021833375513953
sv,ar,3.8966644451583567
vi,ar,3.830438122857221
es,ar,3.783588649758875
wa,ar,3.671448815854769
hu,ar,3.4995954883605367
as,ar,3.2437114720752684
pl,ar,3.229401929456245
si,ar,3.0757100018904047
yi,ar,3.0199659720235568
ml,ar,2.9226269335553123
fi,ar,2.85684984411616
ja,ar,2.80775891889534
gl,ar,2.7767236774786226
hy,ar,2.708149158366941
kn,ar,2.7024208162529924
tr,ar,2.683711238456913
hr,ar,2.6357060456547976
sl,ar,2.6107606399327405
my,ar,2.6033549387200225
ta,ar,2.5786595881748355
pa,ar,2.57010482352662
xh,ar,2.3809607812448386
bn,ar,2.316019680799388
ne,ar,2.278088217137733
no,ar,2.2678443512679425
or,ar,2.234978850636218
rw,ar,2.19912947126794
mr,ar,2.1934071334300755
hi,ar,2.1345035434794064
an,ar,2.1312249020373213
eu,ar,2.128907354395833
mn,ar,2.106900843161017
bs,ar,2.106257187343864
sr,ar,1.9212347804427052
yo,ar,1.9006677787627533
ku,ar,1.8824283637332595
fa,ar,1.7267644706098042
uz,ar,1.5411399535113837
se,ar,1.5049784545514238
ps,ar,1.480428382722952
eo,ar,1.179744471319525
is,ar,1.053346973636231
ur,ar,0.9912366929524566
am,ar,0.9638447833151368
tg,ar,0.821597264049184
dz,ar,0.4419604711810663
az,ar,0.4220523802279318
ka,ar,0.2298037591702206
tt,ar,0.1929200014364028
ha,ar,0.0848711599501047
ug,ar,0.0760051145289098
gd,bg,55.628530022957406
bg,bg,30.61471608985235
mk,bg,22.14141116646493
ru,bg,18.313755187798478
ig,bg,15.607509861300542
tk,bg,15.46039083586791
el,bg,14.027706865234986
ro,bg,13.59419825199041
de,bg,13.035232766759922
cs,bg,12.97299819580414
uk,bg,11.629522954361658
ky,bg,11.452849921913108
zu,bg,10.89751712572565
be,bg,9.438045337180576
he,bg,9.435539679548056
sk,bg,9.3398899769765
nb,bg,8.764111945757826
mt,bg,8.70944678702083
et,bg,8.473980619477947
pl,bg,8.232215506583962
zh,bg,8.214463974374604
af,bg,7.924602485801629
fy,bg,7.670018206902979
sh,bg,7.313870273936747
it,bg,7.223830508242222
nn,bg,7.003192876305688
es,bg,6.924402530714207
sq,bg,6.816555533281886
yo,bg,6.739514552081374
ms,bg,6.69502082065762
lv,bg,6.484842819588422
pt,bg,6.295268976642056
li,bg,6.248276693275944
oc,bg,6.226726523119898
fr,bg,5.94852962911894
cy,bg,5.859987807171943
id,bg,5.734879816026479
lt,bg,5.504351704910903
kk,bg,5.397054284626808
ga,bg,5.2142287466515
gu,bg,5.183207610404776
br,bg,5.1801473069796735
sr,bg,4.973046627541005
wa,bg,4.8901884705893295
sl,bg,4.826641447345256
hu,bg,4.800390577705984
hr,bg,4.719837176379019
ca,bg,4.475683342713311
da,bg,4.466767049370513
mg,bg,4.43281317214784
nl,bg,4.367668120015885
gl,bg,4.190662330104442
ar,bg,4.150005946826344
vi,bg,3.936814556588347
se,bg,3.924367752600208
bs,bg,3.90145966392054
th,bg,3.860489144121032
km,bg,3.856149736295965
sv,bg,3.7994056863042016
ne,bg,3.624213080146836
hy,bg,3.6227251664948112
an,bg,3.585505462443755
as,bg,2.975150290069839
fi,bg,2.9479751582212823
hi,bg,2.883620725006717
te,bg,2.8605144995302347
tr,bg,2.858048637761295
rw,bg,2.7838187145996103
ml,bg,2.7692967684978846
xh,bg,2.6494403115109133
si,bg,2.645562492708417
no,bg,2.488836109074752
ta,bg,2.460395939764384
eo,bg,2.442273727360161
bn,bg,2.3918549320096725
eu,bg,2.2298513578745043
mn,bg,2.0676561632223063
kn,bg,1.9286695332615231
ku,bg,1.80237346223094
pa,bg,1.7889381254360806
dz,bg,1.661629745307744
my,bg,1.6333829225368022
ko,bg,1.5505802569935518
ja,bg,1.4719290687163766
fa,bg,1.3279528849385192
mr,bg,1.225238338187135
is,bg,1.198574405162496
ps,bg,1.1769231544121852
ur,bg,1.1660196244758223
or,bg,1.121136020691543
uz,bg,0.8799596139249448
am,bg,0.7185809869865959
tg,bg,0.530056672744352
az,bg,0.5299159822675734
yi,bg,0.2244456732804577
ka,bg,0.1728369610458253
ha,bg,0.1431071198204374
tt,bg,0.1049617772009177
ug,bg,0.0834148369028311
gd,bn,58.19520276834006
gu,bn,21.592407193715985
bn,bn,21.348893322051477
as,bn,20.2044160111796
tk,bn,19.971145136884296
ig,bn,17.89699387349808
ne,bn,17.370079982403254
ky,bn,16.254805923010196
de,bn,14.05365912650288
pa,bn,13.178112056799096
zu,bn,11.906647933151552
yo,bn,11.62446928731008
kn,bn,11.538261775176943
li,bn,10.941087582578149
ru,bn,10.791947821712498
fy,bn,10.615895837229845
te,bn,10.097364980349784
yi,bn,9.791886517172214
kk,bn,9.70432494901728
cy,bn,9.02361047263803
hi,bn,8.92925038438874
km,bn,8.915720934482911
af,bn,8.701431498950384
el,bn,8.538425845268389
cs,bn,8.459536551940719
nb,bn,8.152516007720305
ta,bn,8.085809655532296
ro,bn,7.936370093162679
mt,bn,7.79941381419333
ps,bn,7.743671827898467
wa,bn,7.650935936424599
et,bn,7.52964085890103
be,bn,7.309247404761453
mr,bn,7.26296352112506
he,bn,7.230054158918888
si,bn,6.909898584327694
oc,bn,6.875608094980533
my,bn,6.866195968456201
ml,bn,6.842699417419556
or,bn,6.701518918256872
nn,bn,6.6538645830996686
sq,bn,6.172109617280988
br,bn,5.956025245253322
nl,bn,5.918663072523985
zh,bn,5.639590980911612
mk,bn,5.633746128722939
se,bn,5.594748735229927
it,bn,5.574846738958081
ms,bn,5.495131127412284
fr,bn,5.446057586168997
uk,bn,5.267269146222055
lv,bn,5.26063140612221
id,bn,5.217453354539038
sh,bn,5.145907892428001
ko,bn,5.098085736760911
hu,bn,5.049708373567172
lt,bn,5.039798689674249
mg,bn,4.969150853233743
bg,bn,4.9412468488843295
mn,bn,4.88708613701111
ga,bn,4.844067090527771
vi,bn,4.803990350347808
sk,bn,4.785579039475816
hy,bn,4.743887972312234
ca,bn,4.233183054453349
es,bn,4.185249906009084
pt,bn,4.149080226839166
da,bn,4.032654694221026
th,bn,3.797413096009884
an,bn,3.73532784057193
tr,bn,3.685965178961225
pl,bn,3.5719424049825763
sv,bn,3.338783164247323
ur,bn,3.2431189617770677
gl,bn,3.214380201813971
sl,bn,2.881920606437427
fi,bn,2.6714648809875423
hr,bn,2.599967036728342
rw,bn,2.58498350390522
eu,bn,2.547313505157943
dz,bn,2.503400411910759
ku,bn,2.478159167562607
no,bn,2.444103627333256
ja,bn,2.4141651290715576
xh,bn,2.3898346650446016
ar,bn,2.2609703793535383
eo,bn,2.165121681218003
bs,bn,2.085629762752378
sr,bn,1.991275310032208
fa,bn,1.950123873572512
am,bn,1.7376664967515505
uz,bn,1.4881530684641515
az,bn,1.4836950697197526
is,bn,1.3878995492666022
tg,bn,1.00466790117684
tt,bn,0.5983501246025139
ka,bn,0.4042609174488559
ha,bn,0.1519050689062988
ug,bn,0.106570537779131
gd,bs,45.1677205312381
bs,bs,29.54722915431992
hr,bs,29.29997236301997
sr,bs,28.540935132516747
sh,bs,19.3643452896788
mk,bs,17.985249207319143
bg,bs,14.350822709027485
ru,bs,14.046576402350562
sk,bs,12.68389837236512
sl,bs,12.112619191084825
uk,bs,11.712014970340498
pl,bs,10.34875291862824
cs,bs,10.28175082937678
nb,bs,9.88033148557802
de,bs,9.607653516275487
tk,bs,8.565856769349466
be,bs,8.119962008594596
el,bs,7.990959145698309
mt,bs,7.512994080688096
ro,bs,7.421937858062717
li,bs,7.2290545446527
lv,bs,7.182059377241293
ig,bs,7.164526181322534
sq,bs,7.071034553966914
fy,bs,6.939860293837032
lt,bs,6.357987010201889
cy,bs,6.270367454671813
af,bs,6.181056409981782
zu,bs,6.118829481791146
zh,bs,5.742226839252539
ky,bs,5.732639152393865
nn,bs,5.3696587212769975
it,bs,5.179765715993729
fr,bs,4.84482453207278
et,bs,4.836631669204543
id,bs,4.828700445818462
ga,bs,4.824913541006713
da,bs,4.759009107641903
ms,bs,4.75052796719864
he,bs,4.737085192741443
nl,bs,4.586391791945824
hu,bs,4.523116612249524
pt,bs,4.413334510787984
es,bs,3.9619984447667456
br,bs,3.911392107511835
kk,bs,3.749918649918248
mg,bs,3.7265488288369375
sv,bs,3.678417966964447
ca,bs,3.592646949554642
an,bs,3.427028712596837
tr,bs,3.112364698073625
no,bs,3.072447543427557
gl,bs,3.066944605434325
vi,bs,2.9306527797968185
fi,bs,2.461416377517179
gu,bs,2.4305057171722617
eo,bs,2.3194656425934164
ml,bs,2.20763605319104
hy,bs,2.206926596801936
as,bs,2.0737222861736515
ar,bs,2.0542882250157133
km,bs,2.0118230923753067
yo,bs,2.0116015789828774
te,bs,2.007346742681058
wa,bs,1.9975152005044077
eu,bs,1.8844559232391112
ta,bs,1.6743079541153032
se,bs,1.573727433571958
rw,bs,1.539901268608392
th,bs,1.49167067867046
my,bs,1.449456292715058
si,bs,1.418033692795598
xh,bs,1.3365576806507298
hi,bs,1.327596358454382
ne,bs,1.2802352627499192
ku,bs,1.270396110819822
bn,bs,1.2511620081256325
mn,bs,1.2231715342927638
ur,bs,1.1060846035324496
oc,bs,1.037495660403272
yi,bs,1.0227733646705417
ps,bs,1.009392333398981
ko,bs,1.006925776487286
kn,bs,0.951869880198948
dz,bs,0.8389340513332891
uz,bs,0.8379515991494262
is,bs,0.8350494906992101
or,bs,0.8077184890101795
fa,bs,0.7080364561447482
ja,bs,0.6811432102244007
pa,bs,0.6070243477384879
az,bs,0.5107047388783422
mr,bs,0.4689308114156565
am,bs,0.4218942653421608
tg,bs,0.2573922423832453
tt,bs,0.1605848925212623
ha,bs,0.1414444703365736
ka,bs,0.09572461279646
ug,bs,0.0643139676625525
gd,ca,54.45795513820264
ca,ca,37.28755506058337
es,ca,26.405503728754887
tk,ca,19.543657851436237
an,ca,17.635674118536524
ig,ca,17.445695725682793
pt,ca,15.91077538780792
fr,ca,15.481433179144204
ky,ca,14.949585412316043
it,ca,13.952584233698756
gl,ca,13.835381736594426
de,ca,13.232320587355847
oc,ca,13.187452906210009
el,ca,11.960781875997878
zu,ca,11.764551815345488
ru,ca,11.5548634830136
ro,ca,11.542664464539932
fy,ca,11.19933928233256
km,ca,11.091503094435064
nb,ca,10.96472494353301
gu,ca,9.702260844156964
be,ca,9.528498322461148
mt,ca,9.289936022235096
mk,ca,9.203878389725938
af,ca,9.176124710105
cy,ca,8.868458951877965
nn,ca,8.590382869122351
kk,ca,8.285037197004492
wa,ca,8.061194216304617
et,ca,7.9661753251015295
he,ca,7.78820689265982
ne,ca,7.701046833640208
uk,ca,7.430913737308365
li,ca,7.33908303788911
cs,ca,7.18881090447792
dz,ca,7.067215114722024
ps,ca,6.885109780706428
sq,ca,6.601237976490792
or,ca,6.479812610585074
bg,ca,6.39681697301924
nl,ca,6.007164375645326
sh,ca,5.960308639809026
br,ca,5.903284701463876
se,ca,5.792592823402571
ga,ca,5.466943879178304
zh,ca,5.44995107208423
lv,ca,5.418401991737114
mg,ca,5.402408640967201
eo,ca,5.156914689241481
as,ca,4.941863964529282
ms,ca,4.926149889370175
da,ca,4.905736773364104
lt,ca,4.898865313750995
id,ca,4.856635219111814
yo,ca,4.793001641631548
yi,ca,4.729151910866136
pa,ca,4.723216917715758
mn,ca,4.5852613354815706
sk,ca,4.574975760724168
sv,ca,4.395112875970741
th,ca,4.182727637191297
kn,ca,4.10828151870078
vi,ca,3.998722123352828
hu,ca,3.867997708208657
my,ca,3.4606313005359883
ta,ca,3.3434142206775443
pl,ca,3.293970325930918
te,ca,3.224703003262179
sl,ca,3.153387972732287
ko,ca,2.986029064689386
hy,ca,2.974436761580668
hr,ca,2.8220748447361617
ar,ca,2.7986622024001027
ml,ca,2.4860027724616574
bn,ca,2.4638064150102794
rw,ca,2.459613557472833
eu,ca,2.4552096689333887
xh,ca,2.416430641204843
fa,ca,2.416270708166525
tr,ca,2.3735524883519803
no,ca,2.35927258320032
hi,ca,2.3324232246729344
mr,ca,2.33012814164015
ja,ca,2.308166831889388
ku,ca,2.2986995917492874
fi,ca,2.252089404077679
bs,ca,2.241412599631857
si,ca,2.0776757245670336
sr,ca,2.0384119332765493
is,ca,1.360516412846065
uz,ca,1.3457340320543698
tg,ca,0.8978036031650075
ur,ca,0.6793227652264686
ka,ca,0.5301841099654405
am,ca,0.4940887156332979
az,ca,0.2898915237040726
ha,ca,0.1531651489257557
ug,ca,0.111213836945217
tt,ca,0.0773558383125006
gd,cs,55.9380508334498
cs,cs,33.398241315335945
sk,cs,24.951817038019637
tk,cs,19.13821159522601
ig,cs,12.816199289123336
zu,cs,12.49229879463826
de,cs,12.340706422352994
et,cs,8.558535690189835
mt,cs,8.441276800249865
ro,cs,8.321987913363778
kk,cs,8.298355123918489
pl,cs,8.019068373733042
nb,cs,7.855796241341365
ru,cs,7.793289627888078
be,cs,7.459974349798602
li,cs,7.274029412489925
yo,cs,7.199193611343211
sh,cs,7.138128483974088
dz,cs,7.106677277440276
nn,cs,6.841403016468953
hr,cs,6.502722335172431
bs,cs,6.453683391734642
af,cs,6.435549219269583
cy,cs,6.421027577624516
lv,cs,5.820750174674632
fr,cs,5.776483330417902
fy,cs,5.665635823349915
ga,cs,5.626125074790457
ky,cs,5.583717605097466
it,cs,5.319419398686708
sr,cs,5.228341396342034
mg,cs,5.167031344259733
lt,cs,5.028915032423642
sq,cs,4.914223156702931
bg,cs,4.680762539370374
oc,cs,4.6694890472786295
sl,cs,4.6282992902224125
pt,cs,4.563072670398901
gu,cs,4.432123289354086
ca,cs,4.248648984535798
vi,cs,4.178194018427064
nl,cs,4.115988151473823
hu,cs,4.053596871068071
da,cs,4.012446937753512
br,cs,3.975451752533434
es,cs,3.929787161204594
ms,cs,3.899743206133015
id,cs,3.705667396111601
uk,cs,3.5768362299409
as,cs,3.53069375014184
ne,cs,3.5030974241511545
sv,cs,3.4046030228507567
zh,cs,3.1522799151727305
se,cs,2.8997319646525117
mk,cs,2.896881362859076
fi,cs,2.7415887115288067
gl,cs,2.7362065580991914
km,cs,2.714884947450761
tr,cs,2.691374240132732
wa,cs,2.6839575833443305
he,cs,2.636411239194107
rw,cs,2.491615606872701
el,cs,2.456575795679109
an,cs,2.2127728344411257
no,cs,2.1987275064623084
xh,cs,2.130372072990628
eu,cs,2.115291668867679
my,cs,1.9684579255485284
ta,cs,1.860534887070656
bn,cs,1.6958723656680386
ku,cs,1.64896876412113
mn,cs,1.5622867724877705
eo,cs,1.5573787499282357
ps,cs,1.5548567708292025
uz,cs,1.3917364768560188
is,cs,1.3137463122848083
th,cs,1.2966646431553488
ar,cs,1.25626962542072
or,cs,1.2133990170676427
hy,cs,1.1713297658704651
kn,cs,1.1384128148849988
hi,cs,1.0921164645443024
pa,cs,0.9403444978071608
te,cs,0.9034664079153468
yi,cs,0.8943736406574853
mr,cs,0.8820980274816526
si,cs,0.6964650392318537
ko,cs,0.6479007348801381
fa,cs,0.5939617260622573
ja,cs,0.5436330532341623
ml,cs,0.4849951551413577
tg,cs,0.3694789879156759
az,cs,0.3198688655331275
ur,cs,0.3113479771446011
am,cs,0.1589844757724492
ha,cs,0.1459219737556646
ug,cs,0.0863300979783677
tt,cs,0.0793424468058207
ka,cs,0.0777238572158584
gd,da,53.292744666098045
da,da,35.68729710123186
nb,da,30.20348181964125
no,da,20.14032917269224
tk,da,19.924308468500108
de,da,12.857550942530532
sv,da,12.395813964698656
zu,da,11.970724199316995
ig,da,11.85065460882641
li,da,11.352887764829836
nn,da,10.5120844827479
et,da,9.852348586047258
yo,da,8.941589159432349
mt,da,8.53440412556359
ro,da,8.468487491243788
kk,da,8.039349664601398
dz,da,7.756404418882579
be,da,7.755745436706912
gu,da,7.650379297058611
cs,da,7.064760071902203
ru,da,6.8384529327903065
zh,da,6.5093934790024255
oc,da,6.410507423619728
sh,da,5.848396243975966
fr,da,5.791210830230463
lv,da,5.76717832473057
ga,da,5.555399601275001
as,da,5.50966697685778
it,da,5.48999090682759
ky,da,5.398254262872106
vi,da,5.35894551504754
cy,da,5.189460028707943
lt,da,5.175898651464582
mg,da,5.131213285446329
or,da,4.80443471616598
nl,da,4.616982032199506
sq,da,4.5844652994195005
pt,da,4.5659559175771065
ca,da,4.294808610670946
af,da,4.248686625037964
sk,da,4.217188577037261
se,da,4.017902193819662
es,da,3.9775569587700272
br,da,3.772713896015671
hu,da,3.767501561718828
pa,da,3.729005235869983
km,da,3.423567155647416
ms,da,3.37037321635664
fy,da,3.306548918696956
id,da,3.253906134984396
pl,da,3.032133607327927
el,da,2.947160971171859
uk,da,2.898174401321275
hr,da,2.8050031943912286
sl,da,2.7605906810074106
fi,da,2.75816550102101
kn,da,2.72578406303393
my,da,2.646504245292438
ne,da,2.538222017812393
he,da,2.4779545316633467
tr,da,2.4474776100527285
ar,da,2.440561678375979
xh,da,2.379558100408884
gl,da,2.354114056431411
wa,da,2.31811881318191
is,da,2.2383629912348773
te,da,2.1747326181846507
mk,da,2.167949133306621
rw,da,2.16453061057474
bs,da,2.1149620732106
ps,da,2.058353751894346
eu,da,2.0367204776307504
an,da,1.92608762867962
mr,da,1.8564462076737196
ta,da,1.6789362634460594
ku,da,1.6701444865867383
bg,da,1.5951589572407263
sr,da,1.528003205530276
uz,da,1.477986259623938
th,da,1.434709478659678
ja,da,1.399581500378171
ko,da,1.3604442386399835
bn,da,1.342330753555388
eo,da,1.2904538973911606
hy,da,1.2808585798774887
hi,da,1.256146299816852
mn,da,1.2209641946790044
yi,da,1.0185772163464393
ml,da,0.9903378889889808
si,da,0.9552534498424636
fa,da,0.806604794124109
tg,da,0.6810832753160604
ka,da,0.4738593184719599
ur,da,0.4117430818612838
az,da,0.3201243469427445
am,da,0.2838059089399813
ha,da,0.1440650426598775
ug,da,0.0967453086814836
tt,da,0.0774796290807466
gd,de,59.94793252385704
de,de,34.132377237781824
tk,de,20.555635477162653
ig,de,17.125640466076096
ru,de,13.3733306825622
zu,de,12.769929061961184
yo,de,11.973837693151204
it,de,11.739249884516676
ky,de,11.367268515682278
li,de,11.110176077034184
et,de,9.975317986172122
fy,de,9.613157337507928
af,de,9.029230048905111
cy,de,8.881382247186352
mt,de,8.846214688583833
fr,de,8.78204675321631
nb,de,8.699510632257311
zh,de,8.647630848293135
cs,de,8.597462591775656
be,de,8.527199388429066
ro,de,8.473252536417256
dz,de,8.148746806153948
kk,de,7.82760636139566
nn,de,7.6715597943783695
es,de,7.105077574115448
sh,de,5.957093847068485
wa,de,5.820445102112331
br,de,5.791938689627992
oc,de,5.748778018103868
lv,de,5.735249289322633
id,de,5.490651728409564
ga,de,5.390383416668299
pt,de,5.3825381935260905
sq,de,5.320305728674366
mg,de,5.316860496555878
lt,de,5.305971278643552
ms,de,5.294131218213085
vi,de,5.212388877447795
sk,de,5.062709911366771
da,de,5.028929521452346
nl,de,4.81655818803739
el,de,4.715529286679671
ca,de,4.584370997138836
uk,de,4.522351304615508
se,de,4.463396658873659
ne,de,4.189403314366389
gu,de,4.180473230412264
an,de,3.833989401442397
hu,de,3.729526756364085
mn,de,3.728310323950661
sv,de,3.716620663456349
he,de,3.710833235058912
no,de,3.606631116188227
gl,de,3.3403052094035157
km,de,3.339621578970414
pl,de,3.329002514066401
sl,de,3.3195705824488733
as,de,3.097606193948997
mk,de,3.0574736545254035
bg,de,3.0007392615720097
rw,de,2.954407992313968
fi,de,2.780004159405373
xh,de,2.730441706974053
te,de,2.722933377855775
tr,de,2.65436258300434
hr,de,2.6409218132746903
ku,de,2.593660520189899
kn,de,2.530962868146542
th,de,2.483999676503665
yi,de,2.476060901360932
ta,de,2.471579398099105
ar,de,2.47115243065899
eu,de,2.425448086714011
or,de,2.377789728270755
bs,de,2.2799782606669576
hi,de,2.212781079020757
my,de,2.168452354150645
eo,de,2.152741627458401
bn,de,2.087935875832694
sr,de,1.9330698805348323
ko,de,1.6620608267293708
mr,de,1.6582715098863086
ps,de,1.538924495981483
fa,de,1.4749549182574178
ja,de,1.4064904752750866
uz,de,1.3476272038560646
is,de,1.1270628600435018
pa,de,1.0084893973457263
ml,de,0.9404672542718284
hy,de,0.9047724655303716
tg,de,0.8804261365012703
si,de,0.8687610293318181
ur,de,0.507873754623025
az,de,0.2814950373232658
am,de,0.2499283200974983
ka,de,0.1944322684594543
ha,de,0.1432313850721651
ug,de,0.1067414554028442
tt,de,0.0894875063399607
gd,el,57.42224051652845
el,el,31.610741632304634
ig,el,15.845817254450967
de,el,12.082455902814075
zu,el,11.886068073083823
he,el,11.429374127631752
tk,el,11.345659111240682
li,el,10.017314364704388
et,el,9.08734452151118
mt,el,8.75229362300434
ru,el,8.217649404568371
nb,el,7.715884752697473
fy,el,7.711156100811135
cs,el,7.667948085649213
ro,el,7.566757645275525
gu,el,7.432935605875489
cy,el,6.822836104079234
nn,el,6.657693260538711
af,el,6.431903139783542
ky,el,6.103636278320497
fr,el,5.994306566170988
uk,el,5.9185940013057134
be,el,5.814697944475859
lv,el,5.804519293618007
sh,el,5.749308929491936
zh,el,5.453474525536191
ga,el,5.439470710141109
kk,el,5.438204227779932
it,el,5.4152662736457176
sq,el,5.234057952315618
km,el,5.230310507954474
lt,el,4.9934201464510535
mk,el,4.913220876485696
mg,el,4.886302655874578
vi,el,4.748228271987276
pt,el,4.696507630971606
br,el,4.599706834518541
sk,el,4.484985214069087
oc,el,4.345840725347822
es,el,4.260724695861259
ms,el,4.225716332433632
nl,el,4.207820137366978
ca,el,4.20716226014582
id,el,4.125443671796757
hy,el,4.016153302124372
da,el,3.943997487339953
se,el,3.9184760011521655
te,el,3.8736325731722743
wa,el,3.826544159298177
th,el,3.765030659676514
hu,el,3.716702152696452
yi,el,3.679407662285628
yo,el,3.593084825458467
bg,el,3.4445921304189167
sv,el,3.3184979564146344
ml,el,3.297735199484967
as,el,3.291937637352039
pl,el,3.1464645443401262
si,el,3.0562977276847456
sl,el,2.986967388663728
ne,el,2.9672065118566238
gl,el,2.947904365498505
bn,el,2.818223967794479
tr,el,2.7745735786415318
or,el,2.762666534328845
kn,el,2.6683888346294173
hi,el,2.627437484633029
hr,el,2.6067419862901766
xh,el,2.5485522098705853
fi,el,2.536648116336654
my,el,2.5018813929285773
ko,el,2.409426648140254
ta,el,2.3272535575120514
rw,el,2.2826410955923926
an,el,2.2688995648525205
mn,el,2.246061513333925
no,el,2.1944995530008065
eu,el,2.190667922280178
bs,el,2.1655669651252434
pa,el,2.0851265699182218
ar,el,1.833038475100382
ku,el,1.7940121884732945
sr,el,1.6596663728492005
fa,el,1.659197188358225
mr,el,1.5622704131433194
uz,el,1.3356133048253875
eo,el,1.313800423608214
is,el,1.2400380552359132
ps,el,1.2126174746985667
ja,el,0.9207865230624762
dz,el,0.708206336446325
tg,el,0.6855850374063499
ur,el,0.6318962325331074
ka,el,0.4313644509834523
am,el,0.3955089231342304
az,el,0.2859175662282837
ha,el,0.1469319639214162
tt,el,0.0797024640932789
ug,el,0.0490933723204805
gd,es,60.25089667528254
es,es,38.64897419793669
tk,es,20.753076665813463
ig,es,17.43815152415258
gl,es,16.718346668599462
ca,es,15.109726019255316
an,es,15.070767009686325
ky,es,14.346299176618622
de,es,13.444768126883371
pt,es,12.838612390472894
zu,es,12.70547122021486
li,es,11.616435764667596
gu,es,9.774086573500858
he,es,9.661914668891178
et,es,9.4207911197426
as,es,9.136098678458776
it,es,9.044413306935054
mt,es,8.863207580735553
ro,es,8.843941796299847
yo,es,8.522283266862086
cs,es,8.51274053289849
af,es,8.235124500853042
kk,es,8.234735737264169
cy,es,8.183835312771743
ru,es,8.136127603596533
fy,es,8.065619581898838
dz,es,7.818408256727777
nb,es,7.784023425471127
mk,es,7.513929532819629
oc,es,7.485383029493987
be,es,7.358186428295601
el,es,7.252966032924147
ne,es,7.241310757727012
nn,es,7.232203382498356
fr,es,6.493156903002292
ps,es,6.437262661774079
sh,es,5.935412101064564
yi,es,5.773257621253666
lv,es,5.695165886921385
vi,es,5.551336743172318
ga,es,5.526951368968327
sq,es,5.476949296035207
or,es,5.313916445904923
wa,es,5.222979543159276
mg,es,5.211687963798365
lt,es,5.202029197339315
sk,es,4.873935600103095
id,es,4.746173753454163
km,es,4.68827102970284
ms,es,4.60569412541664
mn,es,4.569245165575734
br,es,4.435954967508551
zh,es,4.278991121773365
nl,es,4.133413075689604
uk,es,3.945696918426015
da,es,3.697532340645134
hu,es,3.689158551843588
bg,es,3.666937439752537
se,es,3.52617330933724
pa,es,3.424363178632792
kn,es,3.3951568755963537
sl,es,3.3699674815526395
sv,es,3.277962516916044
my,es,3.2721868142034274
pl,es,3.136713294293468
eo,es,3.09339179624789
ta,es,3.070827423449442
rw,es,2.826045276597344
hr,es,2.72672160636769
ar,es,2.702582778319973
tr,es,2.655138945631847
ku,es,2.6009909503118647
eu,es,2.5506831724188617
fi,es,2.4991005734914977
xh,es,2.4615752921133462
hy,es,2.2789306689193416
bs,es,2.25578319016172
te,es,2.2189416828953084
mr,es,2.182440898687072
sr,es,2.061870385822453
th,es,2.060458752873951
hi,es,2.0452418034198945
bn,es,2.043746306263873
no,es,1.9803331037362724
ml,es,1.692109273385046
uz,es,1.5203730759487015
ko,es,1.3099689444370686
si,es,1.2832843267328629
fa,es,1.2038867060247591
is,es,1.1975443049908268
ja,es,0.9009182590100284
tg,es,0.7950155705686209
ka,es,0.6585516613033328
ur,es,0.559907935287264
az,es,0.3212310892649366
am,es,0.2201448228074229
ha,es,0.151309613949549
ug,es,0.10246418535499
tt,es,0.087356732043626
gd,et,57.728145121602736
et,et,34.03231026712948
ig,et,16.216333885819804
tk,et,13.360870323971374
de,et,11.9950195290316
zu,et,10.574650764526396
li,et,9.465149946435774
mt,et,8.87009347707923
ro,et,8.198999602091863
cy,et,8.121408997592006
fy,et,8.03778512276701
af,et,7.860154423430413
cs,et,7.447343863503973
nb,et,7.310767842702905
dz,et,7.123873548457185
lv,et,6.66096271020166
wa,et,6.500224895117875
nn,et,6.394125305049205
sh,et,6.041910338946618
ky,et,5.980728027212885
fr,et,5.9715057334652775
yo,et,5.575428590197165
it,et,5.511804807811785
ga,et,5.433758923054452
oc,et,5.3809486536893765
br,et,5.3261588582631045
ru,et,5.304835301447549
lt,et,5.201321650937191
zh,et,4.940252047487842
fi,et,4.928586597156992
sk,et,4.89722145040871
sq,et,4.746008289776813
id,et,4.663452790717261
mg,et,4.537281649837448
ms,et,4.504502947488814
pt,et,4.2520405943371244
ca,et,4.101126067352202
da,et,3.96548985868805
es,et,3.9517995616482287
kk,et,3.93391987265053
se,et,3.8214845833511744
nl,et,3.762024988563757
an,et,3.51589965284333
hu,et,3.4298009747153597
be,et,3.367408937920389
sl,et,3.2748855283453877
sv,et,3.2527463351431014
pl,et,3.1432220014694843
gl,et,2.957813971593671
tr,et,2.810519406214297
el,et,2.736921071289491
vi,et,2.694142175774619
km,et,2.6475546324441317
hr,et,2.6327685237865595
xh,et,2.588867658587167
rw,et,2.581561286933607
gu,et,2.5514017834769755
ne,et,2.489520482451812
bs,et,2.3305689523831497
no,et,2.2360909020678164
eu,et,2.1834524515336584
or,et,2.098658583284385
eo,et,1.9717227948261808
sr,et,1.8712495290720503
ku,et,1.816716185284158
as,et,1.740745080595446
mk,et,1.4503506621479956
my,et,1.4317610525889626
ta,et,1.393063824159187
pa,et,1.284657910926071
ps,et,1.271657280672918
uk,et,1.240549718881336
kn,et,1.143997782014092
ar,et,0.9949596901352572
he,et,0.9839030473653236
bg,et,0.913973918026812
ko,et,0.8690988822536074
te,et,0.8686387947491323
uz,et,0.8635479230415359
hi,et,0.8355628170718652
ml,et,0.8322830057189566
th,et,0.7992311432376956
is,et,0.7882856245717674
bn,et,0.6991745005156342
yi,et,0.6713422085935111
si,et,0.6240384153621198
ja,et,0.5905933618330923
mn,et,0.5458932736862153
hy,et,0.5186113250800694
mr,et,0.4706720381526069
tg,et,0.4217226461015254
fa,et,0.3561449036121721
ur,et,0.2865486554218698
az,et,0.2457435778474643
am,et,0.2039388275545539
ha,et,0.1541894029971991
tt,et,0.1175760741663344
ka,et,0.1075827878555701
ug,et,0.0277333582108334
gd,eu,55.60868143675432
eu,eu,21.77840491506787
ig,eu,19.09255284005284
tk,eu,13.854112357127349
ky,eu,13.833730688245268
de,eu,12.901188212240738
fy,eu,10.677760574650277
ru,eu,10.378129226365758
gu,eu,10.005221921759375
yo,eu,9.89365208916736
cy,eu,9.166289028449436
af,eu,8.399047660111803
wa,eu,8.273653984923572
et,eu,8.019724585864221
oc,eu,7.864752221381627
dz,eu,7.809720577263829
be,eu,7.707688755012787
mt,eu,7.656339879806643
nb,eu,7.470419123115777
cs,eu,7.400094237589282
nn,eu,7.014258262141619
km,eu,6.934799721453172
li,eu,6.909137338884407
zu,eu,6.782645229474836
ro,eu,6.477990864761017
it,eu,6.0357558819026345
ne,eu,5.683867004341663
kn,eu,5.653627813181488
br,eu,5.492112285827024
fr,eu,5.4738757489395145
zh,eu,5.434878442249127
ga,eu,5.335508731401196
sh,eu,5.156429601574346
se,eu,5.0480119717962975
es,eu,4.8651794087898415
nl,eu,4.839783071023789
sq,eu,4.734339679247302
an,eu,4.682583360465231
lv,eu,4.672665007444147
ps,eu,4.52882890890135
as,eu,4.429544071009622
sk,eu,4.428648443642152
kk,eu,4.300159334667311
mn,eu,4.023545655397141
lt,eu,3.9574498672387137
pa,eu,3.90207666337004
ta,eu,3.865595069870652
ms,eu,3.646984573130655
my,eu,3.611459621223695
pt,eu,3.581658296757384
gl,eu,3.4006495738278755
id,eu,3.380725139596334
mk,eu,3.35794293329976
ca,eu,3.3100007795822632
uk,eu,3.248285672974903
te,eu,3.1169294396383718
sv,eu,3.088004990015197
pl,eu,2.9955028907291354
fi,eu,2.961166849009738
th,eu,2.851348229255509
da,eu,2.8374940242375284
sl,eu,2.7452924204353595
hi,eu,2.583391925569412
mg,eu,2.5567256160799343
ja,eu,2.5435291324113747
rw,eu,2.4604360763265927
bg,eu,2.4166282748576253
el,eu,2.2295217913352583
or,eu,2.1869141522761426
hr,eu,2.168556665792445
ml,eu,2.152271969620249
ko,eu,2.1451481535602177
vi,eu,2.103837264694888
ku,eu,2.094491908513454
yi,eu,2.0199350043672104
eo,eu,1.985862278320523
sr,eu,1.964390928913968
si,eu,1.962415947125021
bn,eu,1.9025438103048151
ar,eu,1.746467817759929
hu,eu,1.636398234309229
hy,eu,1.5462471718173054
bs,eu,1.474434813763708
no,eu,1.3918460820318084
tr,eu,1.2659688998481016
xh,eu,1.2625606163955854
he,eu,1.234661122277525
ur,eu,0.820620025491933
fa,eu,0.7970699510587637
uz,eu,0.7850312964377755
tg,eu,0.64909734454127
mr,eu,0.5289541120548683
is,eu,0.4598455261664904
am,eu,0.3182068319829452
az,eu,0.2619995551076697
ka,eu,0.2319314420825261
ha,eu,0.1331176421454949
tt,eu,0.0666268340041751
ug,eu,0.061052360517414
gd,fa,49.78387380676961
fa,fa,22.804955974425337
ru,fa,12.592968067639983
el,fa,10.966715338630872
he,fa,10.903804334386018
tk,fa,10.309386526317306
de,fa,9.927363320820351
ig,fa,9.794396262563982
uk,fa,9.78860605884425
gu,fa,9.769954449262324
be,fa,9.203839758231672
zu,fa,8.274415133059136
km,fa,8.00676925107922
et,fa,7.862014155047645
mk,fa,7.418540991271446
nb,fa,7.388695165033805
kk,fa,7.284469000890939
mt,fa,7.038250975657496
li,fa,6.869265780665186
ro,fa,6.647931980871352
zh,fa,6.639982724361273
id,fa,6.431832346548582
th,fa,6.073185663401424
ms,fa,5.984304685664951
cs,fa,5.957279141322184
nl,fa,5.649036537119694
bg,fa,5.52910806535443
ky,fa,5.376676479726304
af,fa,5.36902675812505
nn,fa,5.240223982076542
fr,fa,4.988950914265955
lv,fa,4.986876319125767
sq,fa,4.948974029160105
yo,fa,4.900169872173401
ko,fa,4.896731534559063
ar,fa,4.8888476741068825
sh,fa,4.856446598517633
te,fa,4.820098469355391
hi,fa,4.781731702079177
ml,fa,4.717894209064156
it,fa,4.656854028975673
da,fa,4.519736355842153
mg,fa,4.502215785266206
cy,fa,4.454150285866121
as,fa,4.410206130137541
pa,fa,4.371711867580797
es,fa,4.3350938672863695
ca,fa,4.312329889369354
pt,fa,4.256559170764807
kn,fa,4.156448973666376
si,fa,4.107620737818415
ta,fa,3.9548643151793192
sk,fa,3.930360752900459
ja,fa,3.692293390731233
vi,fa,3.686305458481587
lt,fa,3.673261406815116
fy,fa,3.578057961804991
ga,fa,3.497541261748705
br,fa,3.43532083152764
sv,fa,3.4119807523710755
oc,fa,3.398133798863402
hu,fa,3.2812789710356025
mr,fa,3.257520871515632
tg,fa,3.250498038240888
bn,fa,3.133632584324172
hy,fa,3.110996590702769
ur,fa,3.0739593285030016
my,fa,3.0702395985951045
pl,fa,2.9729394268546727
ne,fa,2.917828800910966
gl,fa,2.8539253035682
tr,fa,2.6433686212833685
hr,fa,2.5428330860810697
or,fa,2.434483442202024
no,fa,2.29489162014928
fi,fa,2.164034759143971
sl,fa,2.130380430646263
bs,fa,2.1205873893242746
rw,fa,2.115669794412471
an,fa,1.9233501244822904
eu,fa,1.851678866443012
uz,fa,1.7931629057773668
wa,fa,1.631420084975866
sr,fa,1.579940010224688
mn,fa,1.5624257656233211
eo,fa,1.4433443884180095
se,fa,1.3385029581289554
ku,fa,1.2270640055699813
is,fa,1.1644362455377613
xh,fa,1.1598933416866093
ps,fa,1.149374506655735
am,fa,0.8107315527805599
dz,fa,0.7049021046354728
yi,fa,0.5034996219760229
tt,fa,0.3691741217555937
az,fa,0.3511905733564588
ka,fa,0.1471456406625574
ug,fa,0.1074096775757052
ha,fa,0.0876943702962691
gd,fi,59.01060869586821
fi,fi,24.20829056348863
tk,fi,19.026390760760496
ig,fi,17.040429903195054
et,fi,13.59006000853122
de,fi,13.10149414044344
li,fi,10.154542145434798
yo,fi,9.85969947079534
mt,fi,9.050504157102246
nb,fi,8.543653294154865
cs,fi,8.333239375264235
ro,fi,8.236285496613105
cy,fi,8.191790239087835
ru,fi,7.885326505885591
dz,fi,7.615885580083139
zu,fi,7.547203344526535
ky,fi,7.465221539503418
be,fi,7.4297807847346435
af,fi,7.158655143165179
nn,fi,6.80340154461263
zh,fi,6.691012721286872
fy,fi,6.646302494135806
hu,fi,6.318689496658622
it,fi,6.083620479517606
lv,fi,6.078727094928204
sh,fi,6.041913441179917
fr,fi,5.954290660590005
gu,fi,5.89383088308413
as,fi,5.539795596804008
lt,fi,5.495786376258573
sq,fi,5.318224103207561
ga,fi,5.304806734006086
br,fi,5.25097800163714
wa,fi,5.182327205077372
vi,fi,5.07312200716514
kk,fi,5.072459863821667
sk,fi,4.971521437335685
ms,fi,4.741945834763364
id,fi,4.725381740409884
el,fi,4.70713563685739
mg,fi,4.668957272575538
oc,fi,4.522342859763884
pt,fi,4.494515637158051
or,fi,4.320270307963981
da,fi,4.253721000735798
nl,fi,4.171885370418475
ca,fi,4.153995089622704
es,fi,4.008189934083748
se,fi,3.893891954223347
sv,fi,3.7230285961559297
ne,fi,3.661999787603306
pl,fi,3.46574283285719
an,fi,3.4273027643025813
bg,fi,3.359170003984707
sl,fi,3.33773529436163
ps,fi,3.325573057965809
km,fi,3.212290569515209
uk,fi,3.187947716589441
pa,fi,2.986306715896398
gl,fi,2.975187052156299
tr,fi,2.839272446077505
mk,fi,2.825992917196577
he,fi,2.793942535071792
hr,fi,2.676715882991362
yi,fi,2.6707457406947555
xh,fi,2.6672398452631625
rw,fi,2.5346279856976928
ta,fi,2.45808663092437
no,fi,2.397152655164024
ku,fi,2.37755950487977
mn,fi,2.3627591839731417
eu,fi,2.3503889065163337
ar,fi,2.31750694813102
bs,fi,2.312143332887625
my,fi,2.2922140931219155
kn,fi,2.021430391566475
hy,fi,2.0141111146705737
te,fi,2.009149618844368
eo,fi,1.9666370785737608
bn,fi,1.929767191815378
sr,fi,1.8840580627877692
ml,fi,1.865650859630675
hi,fi,1.5408595409252066
si,fi,1.4699213185158655
mr,fi,1.438105876217375
th,fi,1.4047551521943442
is,fi,1.369490148018773
uz,fi,1.2019413155939105
ko,fi,1.0937071630105208
fa,fi,0.8546525638987921
ja,fi,0.8065625796664057
tg,fi,0.795511267160639
az,fi,0.5196297858765617
ur,fi,0.3680827045795712
am,fi,0.3062755506569534
ha,fi,0.1484089559258084
tt,fi,0.1432289487360247
ug,fi,0.1170941623205649
ka,fi,0.1089832625910836
gd,fr,59.7093
fr,fr,33.4793
tk,fr,17.01
de,fr,14.3482
ig,fr,13.2382
zu,fr,12.8166
yo,fr,10.6675
li,fr,10.3917
et,fr,9.6682
fy,fr,9.1479
mt,fr,8.9729
ro,fr,8.8916
cy,fr,8.7747
cs,fr,8.2409
af,fr,8.2216
dz,fr,8.1071
ru,fr,7.7896
nb,fr,7.2932
it,fr,6.9589
nn,fr,6.7844
oc,fr,6.6401
ca,fr,6.6012
ky,fr,6.1686
es,fr,6.0792
sh,fr,5.7806
br,fr,5.7286
lv,fr,5.7119
el,fr,5.6845
sq,fr,5.4876
he,fr,5.3337
kk,fr,5.3322
mg,fr,5.3139
lt,fr,5.1433
pt,fr,5.1077
ga,fr,5.1031
an,fr,5.086
wa,fr,5.0324
sk,fr,4.8074
id,fr,4.7259
nl,fr,4.606
ms,fr,4.4594
be,fr,4.4527
vi,fr,4.4296
km,fr,4.1377
da,fr,3.8516
hu,fr,3.8078
gl,fr,3.8044
se,fr,3.7332
ne,fr,3.525
uk,fr,3.348
gu,fr,3.3469
sl,fr,3.3314
sv,fr,3.0459
pl,fr,2.9845
rw,fr,2.8665
hr,fr,2.8437
zh,fr,2.6794
xh,fr,2.6513
tr,fr,2.6063
fi,fr,2.5807
as,fr,2.5399
or,fr,2.5393
eu,fr,2.4129
ku,fr,2.2778
bs,fr,2.2479
no,fr,2.1618
eo,fr,2.1436
mk,fr,2.0321
ta,fr,1.9708
sr,fr,1.9693
yi,fr,1.9441
ar,fr,1.8789
th,fr,1.775
ps,fr,1.7668
bg,fr,1.7408
my,fr,1.636
mr,fr,1.3861
ja,fr,1.3529
hy,fr,1.3483
hi,fr,1.3442
uz,fr,1.311
kn,fr,1.2121
te,fr,1.1177
bn,fr,1.0609
ml,fr,1.0028
pa,fr,0.9686
ko,fr,0.8738
fa,fr,0.8471
is,fr,0.8277
si,fr,0.7362
mn,fr,0.7088
tg,fr,0.591
az,fr,0.3179
ur,fr,0.2993
am,fr,0.2459
ha,fr,0.1501
ka,fr,0.0935
ug,fr,0.0845
tt,fr,0.0521
gd,he,49.21274791753321
he,he,35.66658085899779
ru,he,11.804802016828956
el,he,10.931494276649946
uk,he,10.584497543445195
zu,he,10.149957045375425
de,he,9.248062159694207
mk,he,8.77872364460475
bg,he,8.650303960379743
nb,he,8.14553135293108
ro,he,8.126582447395094
ig,he,6.941652076990528
mt,he,6.761557369059221
id,he,6.711437853989296
be,he,6.350269694275563
ar,he,6.231153288710508
af,he,6.075189085721216
ms,he,5.982003353130499
fy,he,5.928966545070022
th,he,5.71662441366608
cy,he,5.586168760663797
nl,he,5.5845527721013015
cs,he,5.578370986688852
sq,he,5.572306112293727
tk,he,5.561747726805298
zh,he,5.549066233953145
it,he,5.426429974671592
lv,he,5.367272741783524
pt,he,5.269202933186807
nn,he,5.128565797048953
fr,he,5.034464702236997
li,he,5.017924182022078
da,he,4.921213232670808
sk,he,4.909758184435306
oc,he,4.9072924005394905
es,he,4.889104768364248
lt,he,4.78260336861056
et,he,4.700850895210455
km,he,4.355064698513697
sh,he,4.210437587079646
hu,he,4.123060750899352
sv,he,4.097272407886334
br,he,4.042184960349065
vi,he,4.016962960963478
kk,he,4.0144338372091655
mg,he,3.853409221496245
gu,he,3.8116995232817614
an,he,3.610251464541837
te,he,3.573178872629406
pl,he,3.469232630422691
ca,he,3.457565063271746
gl,he,3.253579061312765
si,he,2.979523989756356
sl,he,2.936033890634111
hy,he,2.88974778165868
no,he,2.8460158281339822
se,he,2.7943057397369766
ga,he,2.773103421681385
wa,he,2.7298431680291344
ml,he,2.6717633293073195
hi,he,2.577714278329188
ky,he,2.542085787833664
ko,he,2.5203844222085285
bn,he,2.514533290460484
hr,he,2.5118313681110376
tr,he,2.436230066234299
fi,he,2.425445150797098
ta,he,2.189423387394625
sr,he,2.165499769130012
bs,he,2.0516480929627003
kn,he,2.033142333166623
eu,he,1.918945265803504
yo,he,1.8888610621648063
eo,he,1.6795187750373788
as,he,1.6783201936836174
mr,he,1.6552347350327703
fa,he,1.6129668335915537
ne,he,1.585425759046743
xh,he,1.4882683952685007
ja,he,1.4230850302678637
or,he,1.4165592700730678
ku,he,1.4024643516793578
rw,he,1.375086681822075
my,he,1.339824732248009
is,he,1.2116214056970394
pa,he,1.167536332521409
ps,he,0.9735791901564
mn,he,0.8880795131072329
ur,he,0.842579186572686
yi,he,0.6409814605437788
dz,he,0.6346913771417945
am,he,0.6053399002275759
uz,he,0.6032032030417961
tg,he,0.5101995753033857
ka,he,0.4603930317089136
az,he,0.3209808230047158
tt,he,0.1562503117868212
ha,he,0.1333870016279782
ug,he,0.1066261132112979
gd,hr,38.6841164727292
hr,hr,29.496042970817395
bs,hr,29.056266699014703
sr,hr,28.33296187091787
sh,hr,19.923513779841677
mk,hr,18.635308494689006
ru,hr,14.761528103718538
bg,hr,14.478977848188082
sk,hr,12.793568683641931
sl,hr,12.141719865861418
cs,hr,11.553865510489029
uk,hr,11.300402451289251
pl,hr,9.629212867797932
de,hr,8.938034093999732
el,hr,8.460525630031318
nb,hr,8.208649492069277
sq,hr,7.944916278943987
ro,hr,7.5205591358598385
mt,hr,6.933640059581586
lv,hr,6.540020553631587
ig,hr,6.512904896943108
tk,hr,6.460977011314184
af,hr,5.813322713257087
lt,hr,5.807724821068956
zh,hr,5.680363489128964
da,hr,5.488247719013019
et,hr,5.451220603073571
nl,hr,5.263436947198165
id,hr,5.1582240489689415
ms,hr,5.017649887006611
he,hr,4.856180485900334
zu,hr,4.8277251878994205
pt,hr,4.743115637961813
it,hr,4.700049600629874
hu,hr,4.507486490366253
cy,hr,4.494487059472597
be,hr,4.4645203941311005
fr,hr,4.344767753828498
fy,hr,4.263116495270973
sv,hr,4.090410377721058
es,hr,4.074607101482321
nn,hr,3.919881984080109
mg,hr,3.703315098078347
li,hr,3.563299267782287
gl,hr,3.2969531572287187
ca,hr,3.286195985333385
ga,hr,3.2513678185968056
ky,hr,3.1885573654905928
no,hr,3.158373868078009
br,hr,3.131235247369528
tr,hr,2.978165718487931
fi,hr,2.6953375665839947
vi,hr,2.49578424135438
an,hr,2.34051091363164
kk,hr,2.2171730936900973
eo,hr,1.9938271506796608
hy,hr,1.886986222041109
gu,hr,1.7129188100812347
ml,hr,1.6879478429066843
km,hr,1.6607944370299332
eu,hr,1.5615859546218802
yo,hr,1.5589890245924631
wa,hr,1.5349636191581904
te,hr,1.5325365763911665
th,hr,1.5318559602481965
as,hr,1.4951090011620525
ar,hr,1.4835536929555255
bn,hr,1.4088400417607707
si,hr,1.2942804960193453
ta,hr,1.2545681526056365
rw,hr,1.249234053113769
hi,hr,1.1948488163748854
ku,hr,1.0764298230784584
oc,hr,1.0250067636010072
my,hr,0.997057857123886
xh,hr,0.981360842996444
ko,hr,0.9769643750533402
ne,hr,0.8834937202950094
or,hr,0.7537964212538797
kn,hr,0.7531705698239672
mn,hr,0.7318141554556328
uz,hr,0.7306175239333756
ps,hr,0.7107404024264361
is,hr,0.7077131394563054
mr,hr,0.6704882731236028
ur,hr,0.6462776081972468
se,hr,0.6062129843513354
dz,hr,0.6040585434387623
ja,hr,0.5115103914907893
fa,hr,0.5097095361684348
az,hr,0.4170888531691851
pa,hr,0.3938792429957243
am,hr,0.2569344331714399
tg,hr,0.2466638573704339
yi,hr,0.2258058306201579
ha,hr,0.1649089894352908
tt,hr,0.1158749527561852
ka,hr,0.1053238649934469
ug,hr,0.0457672867936953
gd,hu,56.64467109450981
hu,hu,27.077255290240025
tk,hu,13.690237776676758
de,hu,12.679139759113784
ig,hu,12.665671879830988
zu,hu,9.561095471093628
mt,hu,8.875363914895267
ro,hu,8.022986099691163
cy,hu,7.934032575353823
et,hu,7.836605502228283
li,hu,7.789362411081469
cs,hu,7.358543315749603
nb,hu,7.303886497103848
af,hu,7.026165388231511
ru,hu,6.773308223580028
zh,hu,6.7306648399866535
fy,hu,6.66504541558198
lv,hu,6.595024545878861
be,hu,6.446256641609027
sh,hu,6.440317702911763
it,hu,6.089474511905279
nn,hu,6.006181792118322
dz,hu,5.682140798835433
fr,hu,5.658529257451415
kk,hu,5.456405021915148
lt,hu,5.38618685466217
ga,hu,5.200793398864937
sk,hu,5.113314578398349
sq,hu,5.091726498415466
mg,hu,4.9743048204170295
br,hu,4.843995669717428
ky,hu,4.673054873869702
ms,hu,4.627000899917462
vi,hu,4.584155432053744
el,hu,4.580384210640574
id,hu,4.558411978213901
pt,hu,4.504763008656262
oc,hu,4.381083713911017
ca,hu,4.122914590743831
nl,hu,4.00377511744704
es,hu,3.937730512059755
da,hu,3.752702506419295
pl,hu,3.566202473440778
ne,hu,3.434403051852555
sv,hu,3.41076340671116
sl,hu,3.371948200027562
wa,hu,3.3395335972500986
tr,hu,3.3037230792413275
an,hu,3.1324584863233538
gl,hu,2.972894163613004
hr,hu,2.9495682712716897
bg,hu,2.925057292223066
bn,hu,2.814106557845122
mk,hu,2.78307577713342
he,hu,2.694018271599581
fi,hu,2.6931407488036974
rw,hu,2.648638720812014
gu,hu,2.6135665409350164
yo,hu,2.6006066245641013
as,hu,2.577086008218856
mn,hu,2.536911733214496
ta,hu,2.501164222693273
xh,hu,2.4219124022460083
ml,hu,2.3886184613200383
yi,hu,2.332929836532036
bs,hu,2.2993589813287607
no,hu,2.2577114561200307
ku,hu,2.2546095916211426
uk,hu,2.179207492688008
hy,hu,2.1341518335652467
sr,hu,2.0893895557890967
eu,hu,2.0550314750339185
km,hu,2.022150491452272
te,hu,1.869664481130136
or,hu,1.8147945810253652
kn,hu,1.8049356264293648
eo,hu,1.746985772302306
se,hu,1.6237699533444467
ar,hu,1.5793358318121409
ps,hu,1.5047503641075546
si,hu,1.4378973747835972
ko,hu,1.356302343945244
uz,hu,1.3481144716837978
mr,hu,1.2931048574895634
my,hu,1.2415701633582727
hi,hu,1.1621873317132017
th,hu,0.9877245043823084
pa,hu,0.9178349256224916
is,hu,0.8603241361034436
tg,hu,0.7788757550149182
ja,hu,0.7616603475183652
fa,hu,0.5209268553320047
az,hu,0.4495618785557858
ur,hu,0.369176784284755
am,hu,0.2755662041052628
tt,hu,0.232215586548662
ha,hu,0.1467615499654217
ka,hu,0.1051626309718139
ug,hu,0.1042955123541972
gd,id,54.3089721851763
id,id,34.258822278716146
ms,id,26.141776116071338
tk,id,15.794791111763054
ig,id,14.37481830711171
de,id,12.163717210142597
li,id,11.675800482703488
ru,id,11.151949011160392
ky,id,10.19215245752353
fy,id,9.243188899467368
zu,id,9.210374730941682
nb,id,9.157481522430093
af,id,8.196999963415461
et,id,7.96564594390512
nn,id,7.4871133852716385
ro,id,7.468533603250192
mt,id,7.373202083309919
cs,id,7.083603672928164
cy,id,6.8382259664808736
wa,id,6.331553657552459
el,id,6.32260794542995
he,id,6.228922013990496
zh,id,6.151438459571793
sq,id,5.719529526120577
oc,id,5.571037451951477
dz,id,5.509672036290866
bg,id,5.392292396604497
lv,id,5.297635963829508
yo,id,5.1744968223659225
nl,id,5.1641175018256655
fr,id,5.1236029290277925
kk,id,5.10949868325945
mk,id,5.087318946895762
br,id,5.085616781137291
sh,id,5.0759516950482535
uk,id,4.882756902099188
da,id,4.725680757258054
be,id,4.698706264831645
it,id,4.633112076981492
lt,id,4.627974383959764
sk,id,4.615757984353212
km,id,4.501421183045751
ca,id,4.2327711092007405
th,id,4.062032755272695
es,id,4.047397067993627
vi,id,4.009821865328031
pt,id,4.000517524454849
mg,id,3.9876806592391225
sv,id,3.967339410693555
an,id,3.9105949639819344
pl,id,3.651445775375851
hu,id,3.5592569112700474
ku,id,3.410062610921458
se,id,3.3799022108555525
no,id,3.2354478847667187
gl,id,3.1057603400738283
tr,id,3.0143704967431293
ga,id,2.9654315002405998
fi,id,2.8821746397374777
sl,id,2.8636022758492863
ta,id,2.829824945603613
hr,id,2.6300259221086755
as,id,2.5744530474658305
si,id,2.3649104399595635
gu,id,2.3644569466050136
mn,id,2.33491195223292
eu,id,2.259617720673968
sr,id,2.209887687953474
bs,id,2.1886027448698657
yi,id,2.017363622384352
hy,id,2.0090315638371443
my,id,2.0052937960442048
eo,id,2.001727181755679
ne,id,1.919547406237879
ar,id,1.919444953580042
ko,id,1.8845602298872064
kn,id,1.8153476970672968
rw,id,1.809136709263766
ml,id,1.8039821984687807
uz,id,1.7972879326851217
fa,id,1.7461342528523407
bn,id,1.7343408370886102
ps,id,1.7210219380161296
hi,id,1.7058837855379472
te,id,1.5168340481339944
xh,id,1.3077005835651707
or,id,1.2682837754151677
tg,id,1.091691686689235
is,id,1.0873473445148356
az,id,0.9872360472713976
pa,id,0.939995400264668
mr,id,0.8346329293196619
am,id,0.5804090603342085
tt,id,0.5636892810074093
ur,id,0.4815405544535274
ja,id,0.4470136685558208
ha,id,0.2803303617945265
ug,id,0.2070402677193966
ka,id,0.1219614728272111
gd,it,56.16271488250661
it,it,34.78694460229419
ig,it,17.884307238908235
tk,it,16.988737504385508
de,it,13.20495983638701
zu,it,12.349263951338296
mt,it,9.299050137186038
ro,it,8.897722862022873
et,it,8.60571700380464
cs,it,8.39516241201711
gu,it,8.168276360505706
nb,it,8.128321162858397
as,it,7.814562630749564
af,it,7.793695741701976
li,it,7.471870925940574
nn,it,7.281791933731701
oc,it,7.062112273578151
fr,it,7.022732670344044
dz,it,6.98232996520527
ca,it,6.917177529136904
fy,it,6.168542233719172
sh,it,6.07166488527235
pt,it,5.904233140188752
ga,it,5.670303366324977
sq,it,5.662373438713879
lv,it,5.614132103178431
an,it,5.503160986031373
vi,it,5.39158387565564
es,it,5.354604390006562
mg,it,5.241715033535026
lt,it,5.15973629592396
yo,it,5.102662844693323
cy,it,5.092881740971196
sk,it,4.923773103755131
id,it,4.756908636446413
ms,it,4.5537231979014825
gl,it,4.427346270176703
se,it,4.132694309821056
nl,it,4.032244097292304
br,it,3.936085404286767
da,it,3.825410476077854
hu,it,3.686017225574689
pa,it,3.624580461856503
kk,it,3.508143843040778
sl,it,3.380495757759824
ne,it,3.318711297217268
sv,it,3.2438944493793227
el,it,3.084889205806484
pl,it,2.999932505816977
rw,it,2.8554058348329336
eo,it,2.703919230560055
ar,it,2.6181487087220536
fi,it,2.590475088194254
xh,it,2.581476056141559
or,it,2.5746489207114784
hr,it,2.564396059560497
tr,it,2.52364557941392
eu,it,2.3334483346306696
ku,it,2.32285199808722
bs,it,2.225376576336869
km,it,2.1826668182169646
no,it,2.1750175996687595
ky,it,2.106609741075228
sr,it,2.097372579364013
yi,it,1.8783920698722056
be,it,1.793260918836773
wa,it,1.7878265700676257
ru,it,1.7552854412496584
zh,it,1.73780608450937
kn,it,1.5436028215998494
mn,it,1.502764804021193
ta,it,1.3896106463346796
mr,it,1.3059376066221386
mk,it,1.227831354230122
ja,it,1.2097722509269937
hi,it,1.1816354293381113
he,it,1.1752610968872617
ps,it,1.1431722597790692
my,it,1.1008587726552228
th,it,1.0303634943740063
is,it,1.0260650965945362
uz,it,0.9959785175459184
te,it,0.9129086187244694
bn,it,0.8943380610746742
bg,it,0.849550197436875
ko,it,0.7550503992003653
ml,it,0.6097556773363813
hy,it,0.6007417484300865
tg,it,0.4859650412075266
fa,it,0.4724062615641684
ur,it,0.4509318075272459
si,it,0.449398053488449
uk,it,0.4156843346064839
az,it,0.3048962905706772
am,it,0.2532361799311524
ka,it,0.1953399171973511
ha,it,0.1491546644420916
ug,it,0.0901552094749302
tt,it,0.0741708613480209
gd,ja,49.79552449363568
tk,ja,15.324839670702069
ja,ja,14.132286495305534
ig,ja,13.01868624511959
de,ja,12.325997382103877
ru,ja,11.948050605174794
zu,ja,10.900620157631634
fy,ja,9.98346032951146
ky,ja,9.97591772581022
be,ja,8.749077908313463
nb,ja,8.59868487678544
cy,ja,8.548705355362166
uk,ja,8.497373413192204
gu,ja,8.482466951221078
th,ja,8.413014226690658
af,ja,8.297783883956372
zh,ja,8.143742206082917
oc,ja,7.661655281318649
el,ja,7.611741981761151
li,ja,7.582200051646798
ro,ja,7.5298275095921055
km,ja,7.467572355804609
kk,ja,7.252892685403697
nn,ja,7.063715263895225
ta,ja,6.942935340887397
te,ja,6.936522063623818
mt,ja,6.831220845257519
ne,ja,6.822033935690468
id,ja,6.779093528041272
et,ja,6.606559458825081
nl,ja,6.5943704441977244
he,ja,6.576130255795854
ko,ja,6.57159648157413
bg,ja,6.410111961375932
as,ja,6.357313357307614
ml,ja,6.211032636257569
mk,ja,6.021073672115474
ms,ja,6.017073215579488
kn,ja,5.787487087974588
cs,ja,5.611374042113131
br,ja,5.5373753671845165
tr,ja,5.384651052459886
hi,ja,5.368129631215061
fr,ja,5.309073028532295
si,ja,5.2624433477230514
sq,ja,5.163369516258334
se,ja,5.16279031543855
mn,ja,5.028481100358239
my,ja,4.962881146191516
it,ja,4.937274626264421
yo,ja,4.707585622501841
sh,ja,4.677859436747262
yi,ja,4.655516882990536
pt,ja,4.531166708748372
wa,ja,4.499542086176949
lv,ja,4.414965083001466
da,ja,4.345263781645466
pa,ja,4.330526238062328
sk,ja,4.314751365693108
es,ja,4.275011969184851
bn,ja,4.145626749233094
ca,ja,4.014796462687412
mr,ja,3.955290675143972
mg,ja,3.943028023310413
an,ja,3.875166654751047
hu,ja,3.8717992670931656
sv,ja,3.783650655785307
lt,ja,3.67746801326796
ps,ja,3.664898869159103
ar,ja,3.5166761695060007
vi,ja,3.4098698468288324
ga,ja,3.319623469027295
hy,ja,3.298781056992254
pl,ja,3.2549252664560813
gl,ja,3.143046481855264
ku,ja,2.8657065816865184
fa,ja,2.7826065887862663
or,ja,2.7155790408276546
hr,ja,2.584003633497235
fi,ja,2.556145053697551
sl,ja,2.5167516104879195
rw,ja,2.323471285266077
ur,ja,2.303749009227892
no,ja,2.2982474330076306
eu,ja,2.1807033114619867
bs,ja,2.134655855663022
sr,ja,2.1297607788690565
uz,ja,2.02394556368216
eo,ja,1.8302086217612472
dz,ja,1.52771651626395
xh,ja,1.4768111057723952
az,ja,1.4341362647807985
is,ja,1.3738581160664165
am,ja,1.0524197548574188
tg,ja,0.8287376137851639
tt,ja,0.6136270839897057
ka,ja,0.5184271052328323
ug,ja,0.1483581967063975
ha,ja,0.1294791985499469
gd,ko,27.79562362314742
tk,ko,18.65053124065185
ko,ko,15.51663555003411
fr,ko,11.235665043718877
li,ko,11.04288104906072
zu,ko,10.667929528491328
gu,ko,10.424542606370858
ru,ko,10.251225891728076
nb,ko,10.05721746775151
uk,ko,9.634495115472683
ro,ko,9.535973966509436
de,ko,9.439505870236015
el,ko,9.125624274379886
be,ko,8.570558590358525
he,ko,8.479224606708078
ig,ko,8.231106535376782
kk,ko,8.194504152079972
te,ko,8.154639234778088
nn,ko,7.860467461190834
oc,ko,7.670681995209838
nl,ko,7.34384790631243
ml,ko,7.208179003636911
kn,ko,6.758304696481999
mt,ko,6.40795618317634
zh,ko,6.347968758377536
ja,ko,5.964620517423268
km,ko,5.709252919433788
mk,ko,5.63750149572615
lv,ko,5.457187106258777
se,ko,5.451680608232122
da,ko,5.446585684984199
bg,ko,5.317219977213589
it,ko,5.243147220414394
id,ko,5.201573168943646
yo,ko,5.177836208610758
ms,ko,5.163337044897388
pa,ko,5.030063851966259
ca,ko,5.023355484088556
et,ko,4.9981475875082655
sq,ko,4.970394453264666
vi,ko,4.801282597805384
hu,ko,4.751756641171229
cs,ko,4.70636605807406
hi,ko,4.661484394818476
ar,ko,4.634987716747961
sh,ko,4.615508157032909
mg,ko,4.611372168404574
th,ko,4.495730116663431
pt,ko,4.405640582778576
si,ko,4.325768462684341
tr,ko,4.280859574122331
lt,ko,4.230219693330825
ga,ko,4.194476774806973
no,ko,4.120899087158265
af,ko,4.120266158708414
es,ko,4.099945082187368
mr,ko,4.07413364935974
my,ko,4.039149391599759
sv,ko,3.993532933736341
hy,ko,3.9238709141316046
bn,ko,3.8459896231496655
cy,ko,3.827121180968269
sk,ko,3.658612363182832
fy,ko,3.6312164396211695
ky,ko,3.610667414938395
ta,ko,3.5667544991409303
pl,ko,3.551688200110063
fa,ko,3.3417652940974865
as,ko,3.2532788833735427
ne,ko,3.248593992065905
ur,ko,3.2075641952444656
fi,ko,2.9443887037986998
br,ko,2.8393663371965605
hr,ko,2.588204275221435
gl,ko,2.579863507815644
bs,ko,2.206578077405326
sl,ko,2.083604103251764
eu,ko,2.080193312733155
sr,ko,1.9400920133208344
or,ko,1.8946123880143069
uz,ko,1.793332239282255
xh,ko,1.6826693845398395
is,ko,1.4838506644986014
eo,ko,1.376290223736334
wa,ko,1.3698414330342816
an,ko,1.2596568023097976
ku,ko,1.207409799261451
az,ko,1.142490202053525
rw,ko,1.092122781107173
mn,ko,0.964467629048642
am,ko,0.945850110638028
tg,ko,0.8861457668009075
ps,ko,0.8349121747189139
dz,ko,0.7943895628095573
tt,ko,0.532533382640713
yi,ko,0.3998948670035457
ka,ko,0.3077120764766166
ha,ko,0.1449695227703134
ug,ko,0.1158392174495099
gd,lt,57.88215540350752
lt,lt,42.82618348357
tk,lt,20.4821915621371
ig,lt,18.61220899123935
et,lt,17.388495771301447
ky,lt,13.008908533016148
de,lt,12.879290715487857
yo,lt,12.308905078704312
zu,lt,12.122960240934969
lv,lt,11.681464574032873
mt,lt,9.079610340996735
fy,lt,9.0669805739326
zh,lt,8.845766776018728
cs,lt,8.494315312549528
cy,lt,8.460759168626439
ru,lt,8.44035505275447
ro,lt,8.361333755645523
af,lt,7.977569071394472
li,lt,7.975819639075491
nb,lt,7.840519865005585
dz,lt,7.575446474361397
nn,lt,7.25220891587862
oc,lt,6.637089289889191
sh,lt,6.615608564871259
kk,lt,6.540805764755513
it,lt,5.945556513737869
ga,lt,5.791545317683861
or,lt,5.691790110182034
fr,lt,5.678404249500977
be,lt,5.630658457262708
as,lt,5.578465020939614
sq,lt,5.468804601063635
sk,lt,5.3158621778379205
mk,lt,5.2976895533154105
wa,lt,5.1589651676487485
gu,lt,5.120990546232488
br,lt,4.983709791456189
mg,lt,4.960780611516851
id,lt,4.938646838569582
ne,lt,4.904671269859916
ms,lt,4.854591551032168
vi,lt,4.493592898771296
pt,lt,4.465405880149789
ca,lt,4.420295303563283
uk,lt,4.350641986138159
nl,lt,4.211598332689229
da,lt,3.920894775997727
es,lt,3.8812352012847686
hu,lt,3.789956165768261
pl,lt,3.784458750258737
sl,lt,3.75592076585836
he,lt,3.646323015076038
bg,lt,3.501740422392074
an,lt,3.495232016245637
sv,lt,3.3132469739069115
hr,lt,3.222912525978637
eo,lt,3.2053041402712683
fi,lt,3.201104332030265
th,lt,3.137532974268821
el,lt,3.130999706401941
gl,lt,3.055559401398137
mn,lt,3.0226129780124715
ps,lt,2.9621408181937494
km,lt,2.943813836242453
tr,lt,2.8735275290187268
ta,lt,2.724449429663592
ku,lt,2.660944977803497
bs,lt,2.6055139103963034
xh,lt,2.448232299187419
eu,lt,2.435810911653896
rw,lt,2.4047754441684246
sr,lt,2.3966706875540105
te,lt,2.337128442332856
ar,lt,2.1962097703572927
ko,lt,2.1791246126995785
no,lt,2.153523125671365
my,lt,2.0565986463274024
si,lt,2.033886135877512
kn,lt,2.028585197076162
pa,lt,1.7631557934829527
hy,lt,1.7549987403639802
yi,lt,1.7342613805795049
se,lt,1.66302713608491
hi,lt,1.6627483809696568
bn,lt,1.6529516549205705
mr,lt,1.6492885455692643
ja,lt,1.571399715167288
ml,lt,1.5709532113447988
is,lt,1.4418404455360965
uz,lt,1.3901893224467228
fa,lt,1.0050113893551982
tg,lt,0.8859113721689758
ur,lt,0.356778916410258
az,lt,0.3344001299341512
tt,lt,0.2979759697811707
am,lt,0.2557803972242186
ha,lt,0.1653607748401291
ka,lt,0.1072650416759642
ug,lt,0.1051077718562222
gd,lv,51.31579736331515
lv,lv,46.84145890614013
tk,lv,20.552068955228474
lt,lv,15.74707106036278
de,lv,13.244083907322327
zu,lv,12.20526067246452
ig,lv,11.575468775149256
et,lv,10.4855415612905
cs,lv,9.207954053919613
ru,lv,8.655565803926587
mt,lv,8.613111210134331
kk,lv,8.463501692222387
ro,lv,8.016549841898494
li,lv,7.962184714312341
dz,lv,7.892775258118324
nb,lv,7.634337697757133
af,lv,7.1064861705983065
gu,lv,7.017458578141267
nn,lv,6.9861258001651
oc,lv,6.760887132997942
sh,lv,6.71034235656338
zh,lv,6.667848361332668
it,lv,6.042044873461138
yo,lv,5.961409154135314
ky,lv,5.786884077704057
fr,lv,5.748515542567947
ga,lv,5.569883187699491
sk,lv,5.3173114082916095
be,lv,5.315388556996961
sq,lv,5.30297308356922
cy,lv,5.130650195147484
mg,lv,5.118853242551187
id,lv,4.844841815463439
se,lv,4.757177957861101
pt,lv,4.580289931124412
nl,lv,4.473074513715893
vi,lv,4.439325439017927
ca,lv,4.392980928278275
uk,lv,4.103672634173913
da,lv,3.995834394506789
pl,lv,3.8775153161361455
hu,lv,3.852500534843848
es,lv,3.8184473900949127
ms,lv,3.7134332159946783
mk,lv,3.629830761163477
el,lv,3.560963850752676
sl,lv,3.5253108018567807
fy,lv,3.349280118601054
sv,lv,3.3223069914973644
br,lv,3.2158407139343463
bg,lv,3.164390202439049
km,lv,3.147618319372667
wa,lv,3.141470051149756
he,lv,3.130621953044604
hr,lv,3.12267638308053
ko,lv,3.0366960154861147
pa,lv,3.0323873145476985
or,lv,2.8754323830164163
as,lv,2.7832502486021373
gl,lv,2.767443843478481
fi,lv,2.7240592271096413
bs,lv,2.6691434679720083
tr,lv,2.639629225032388
ne,lv,2.616272035095431
sr,lv,2.500611343134666
kn,lv,2.455361312998177
rw,lv,2.438325225799035
my,lv,2.389010636004593
eu,lv,2.3884740743220307
yi,lv,2.362688873159239
ar,lv,2.288045503513417
eo,lv,2.2413175623749955
no,lv,2.207459812162249
te,lv,2.1988376884510163
hy,lv,2.1805422636801373
xh,lv,2.1470599398553016
th,lv,2.1055233690603266
ku,lv,1.893820052308646
an,lv,1.744359522620875
hi,lv,1.7250202316547931
mr,lv,1.7188960343673487
ta,lv,1.5117353135187566
mn,lv,1.4561014649341484
ja,lv,1.4344340073406927
si,lv,1.4120078275734609
uz,lv,1.378978631905578
bn,lv,1.327495998912212
is,lv,1.161359016279302
ml,lv,1.1426612574864004
ps,lv,1.0813385084447442
fa,lv,0.9616868516768464
tg,lv,0.7378819522298431
ur,lv,0.4833436625752474
az,lv,0.3728288921821775
ka,lv,0.1861184702338194
am,lv,0.1547573049193114
ug,lv,0.1054088457685168
tt,lv,0.0876586194214182
ha,lv,0.077137300304329
gd,ms,41.72280794505688
id,ms,31.3221649516836
ms,ms,29.798827324681163
tk,ms,16.78666389555208
ky,ms,16.156516642814648
ig,ms,15.524860683866285
de,ms,12.661238866318763
ru,ms,11.671497412264175
zu,ms,11.373488079584618
fy,ms,11.346101054513843
af,ms,10.241181092510107
yo,ms,9.801469742301345
nb,ms,9.364894143190984
nn,ms,9.236515199484584
et,ms,9.225950033815192
cy,ms,8.873914865916973
gu,ms,8.812219018066127
km,ms,8.272960216500502
el,ms,8.178849846787665
be,ms,8.105809425197936
li,ms,8.000400391504343
th,ms,7.832582214564768
kk,ms,7.824183224829818
ro,ms,7.787565544318313
oc,ms,7.629703435114929
wa,ms,7.591190412394859
ps,ms,7.570103056422614
mt,ms,7.558901754733368
ne,ms,7.376534147579652
he,ms,7.356636833126409
cs,ms,7.32212588786656
as,ms,7.102831526100972
yi,ms,7.014624865453036
pa,ms,6.140754861178008
uk,ms,6.099951285025624
br,ms,5.913341864626305
lv,ms,5.886724025107251
zh,ms,5.627723504159719
dz,ms,5.58532194134424
nl,ms,5.538468958028902
se,ms,5.518466127448013
es,ms,5.402179444483615
it,ms,5.178302330068089
mk,ms,5.14736479832478
fr,ms,5.058180180565095
sq,ms,5.014605754298315
sh,ms,5.001141691103569
bg,ms,4.952231093165488
lt,ms,4.944703462561929
da,ms,4.889948581007343
sk,ms,4.810694949927653
ga,ms,4.702251927501609
ta,ms,4.698053997726973
mn,ms,4.525177958325898
or,ms,4.423539953496206
ar,ms,4.414094630983931
pt,ms,4.406157955091544
ca,ms,4.38115181254742
kn,ms,4.378982258009269
an,ms,4.230009633619006
mg,ms,4.14960660195729
vi,ms,4.13545407747653
my,ms,3.967587121419743
te,ms,3.941603121962456
hu,ms,3.796544602727057
sv,ms,3.7666061669358353
no,ms,3.7555393357151097
fi,ms,3.367767707032908
pl,ms,3.3571562330424585
tr,ms,3.334184982882929
gl,ms,3.064368721355914
ko,ms,3.063714075541942
si,ms,2.972608993411558
ku,ms,2.9021619276815467
hr,ms,2.72702396733602
hy,ms,2.725650693344548
fa,ms,2.657503251493331
sl,ms,2.653053655169335
hi,ms,2.600088894125847
eu,ms,2.57576514770135
bn,ms,2.536334432747674
ml,ms,2.5178520306729544
xh,ms,2.312692444480981
bs,ms,2.112194680015977
sr,ms,2.0863255768430453
eo,ms,2.021253513948549
rw,ms,1.9286728539929727
mr,ms,1.7843506929694384
uz,ms,1.5392173303304657
is,ms,1.456386530390429
tg,ms,1.1528645358551437
az,ms,0.9333071980917368
ja,ms,0.9139634460817958
am,ms,0.5259542876570157
ur,ms,0.3625006932859333
ka,ms,0.2579546576279412
ha,ms,0.1914381429412005
tt,ms,0.1830677037795585
ug,ms,0.0048276145064406
gd,nl,59.76896799737335
nl,nl,31.11280688539868
af,nl,22.49120285940933
tk,nl,21.24473016390093
ig,nl,18.68650967864046
ky,nl,15.243563906296965
de,nl,13.73868806821548
yo,nl,12.948834401286932
zu,nl,12.806587942999624
fy,nl,12.632364294081343
li,nl,11.834018562641557
be,nl,9.778441707887728
et,nl,9.288151973185627
cy,nl,8.953394220632946
mt,nl,8.906497661485808
nb,nl,8.526492081135157
cs,nl,8.407309754288464
dz,nl,8.13710119173814
kk,nl,8.122245723370815
ro,nl,8.121183664510689
as,nl,7.715294066253481
gu,nl,7.261144677050442
nn,nl,7.240977073109187
ne,nl,7.179611780655153
or,nl,6.930035245252969
wa,nl,6.513771949896915
ru,nl,6.322001222349802
it,nl,6.153939973987705
oc,nl,6.031129396224881
sh,nl,6.02921089045037
br,nl,6.0242505758357545
fr,nl,5.941165831488728
lv,nl,5.678386840579835
sq,nl,5.394824120706396
vi,nl,5.380739821871696
mg,nl,5.218455393476387
ga,nl,5.2179554781880215
lt,nl,5.188361372146324
sk,nl,4.92553520188283
ps,nl,4.849840060096591
se,nl,4.761804994056482
id,nl,4.695682819486008
ms,nl,4.55633547659366
pt,nl,4.542729049603749
da,nl,4.411798538062532
ca,nl,4.385418054294541
es,nl,4.0475872397999
pa,nl,3.928955157730646
hu,nl,3.784141193385119
mn,nl,3.7833584337415065
an,nl,3.704788255758263
sv,nl,3.5870881704162247
km,nl,3.542071601623055
sl,nl,3.3952517766434025
zh,nl,3.100857784336009
my,nl,2.99597892286349
gl,nl,2.9244409752201244
pl,nl,2.894521121425801
ta,nl,2.8685605154506173
hr,nl,2.7928996200441616
rw,nl,2.7722951654192003
el,nl,2.749064296071024
yi,nl,2.664530746375389
ku,nl,2.644542145813397
mk,nl,2.6426342035094987
fi,nl,2.6305618107928006
xh,nl,2.616306341847856
no,nl,2.608728036222862
tr,nl,2.604741681292166
bg,nl,2.5747501981066128
kn,nl,2.5458747495755683
uk,nl,2.473714730952989
eu,nl,2.393498510791286
ar,nl,2.360961592253965
mr,nl,2.2914276680554844
bs,nl,2.252586630288277
sr,nl,2.033015713540135
eo,nl,1.88603132133356
he,nl,1.8635923999906137
te,nl,1.717846436066626
th,nl,1.5939673061189152
ko,nl,1.569685005347204
hi,nl,1.5613769756826126
uz,nl,1.455333955386169
is,nl,1.368592192327752
bn,nl,1.330493594289074
hy,nl,1.3180445427059289
fa,nl,1.1036806461777464
ml,nl,0.8697915465415212
si,nl,0.843358321535951
ja,nl,0.7977234792980563
tg,nl,0.7583602360457748
ur,nl,0.5162703902970186
ka,nl,0.364903131983903
am,nl,0.3168972528922416
az,nl,0.305955259038072
ha,nl,0.1515906915144189
ug,nl,0.1136871860438676
tt,nl,0.0788038992776411
gd,sk,59.062676284169726
sk,sk,37.27481414291155
cs,sk,26.62864738455812
tk,sk,19.93331829914601
ro,sk,15.426977534409446
ru,sk,13.838372628530692
pl,sk,13.5817955105969
ig,sk,13.389718631577876
de,sk,13.004607277577945
zu,sk,12.10573974392834
uk,sk,10.92498836089031
sh,sk,10.609377149611882
et,sk,9.36233328663648
mt,sk,8.971807246723246
fy,sk,8.678052774463183
be,sk,8.563896272283564
nb,sk,8.388136428055375
sl,sk,8.347096209785995
af,sk,8.305539811155262
bs,sk,8.18854018805586
hr,sk,8.095496166508891
cy,sk,8.026594215914837
kk,sk,8.025108959691565
sr,sk,7.850159481668033
li,sk,7.619479670448743
bg,sk,7.568385627979694
nn,sk,7.427762465079239
dz,sk,6.850349876015164
ky,sk,6.586488546212348
lv,sk,6.355702278770073
oc,sk,6.212895833468936
fr,sk,6.135029216798075
it,sk,5.9224532939663055
sq,sk,5.698520499023543
mk,sk,5.491970059377227
lt,sk,5.415872716572036
ga,sk,5.360649220028318
br,sk,5.17903614374748
gu,sk,5.052333173193646
vi,sk,4.848580930562584
id,sk,4.831886915245964
ms,sk,4.772134347407524
wa,sk,4.7628493002627525
pt,sk,4.545570605220577
he,sk,4.48418153608605
mg,sk,4.474990060234133
hu,sk,4.42295498497415
zh,sk,4.411882299809387
da,sk,4.272276059260009
ca,sk,4.212719914146475
or,sk,4.08420113873141
nl,sk,4.072165000253492
es,sk,4.043706481154653
el,sk,3.924326733524228
km,sk,3.80532841969209
sv,sk,3.593350058027731
ne,sk,3.4756184471317724
mn,sk,3.4537545769061846
as,sk,3.432559510116116
yo,sk,3.317215775337187
an,sk,3.134724315648198
gl,sk,2.9941145684845014
ta,sk,2.874074491585544
fi,sk,2.808596030783546
tr,sk,2.714651370318508
se,sk,2.706031194896504
xh,sk,2.6223009116375544
ku,sk,2.421453373733533
eo,sk,2.3695450750746985
eu,sk,2.3146782401493864
pa,sk,2.288855625258594
bn,sk,2.2176106525589474
rw,sk,2.1890243310789352
no,sk,2.1461906079473683
kn,sk,2.122500385753015
my,sk,1.946952694575384
te,sk,1.81406185381408
hy,sk,1.7146196595865275
ml,sk,1.65522606189697
mr,sk,1.4810104084627869
uz,sk,1.4755171080268117
hi,sk,1.4521531986979808
ar,sk,1.42018368779411
th,sk,1.369252411986373
ko,sk,1.3660798240261085
is,sk,1.3534402860039871
si,sk,1.0784258305386247
ps,sk,0.9268692602115376
fa,sk,0.8123631245416247
tg,sk,0.7896295136039062
ja,sk,0.6023586062890183
ur,sk,0.3433138001708463
ka,sk,0.3261139290964572
am,sk,0.3257500099314026
az,sk,0.2876551267109761
yi,sk,0.2659032541073513
ha,sk,0.1632014357438297
tt,sk,0.0737094158020452
ug,sk,0.0729717302839608
gd,sl,56.70788568280105
sl,sl,26.61662509901864
sh,sl,22.51105842449844
sk,sl,20.52123769656755
ig,sl,18.65893389343409
tk,sl,17.463058756864783
cs,sl,15.629104913363951
ky,sl,13.168206978040626
hr,sl,12.942010869580988
bs,sl,12.20662882766932
de,sl,12.119894693036729
zu,sl,11.644793764165131
sr,sl,11.607712994752394
ru,sl,10.205539044611358
yo,sl,9.721107443180868
et,sl,9.241798818384986
mt,sl,9.029241044260184
bg,sl,8.872126666215438
be,sl,8.67420361962101
as,sl,8.273327385509042
kk,sl,8.199730139780932
fy,sl,8.140404194652746
nb,sl,8.046390357036307
li,sl,7.918954254518806
af,sl,7.897681916458252
ro,sl,7.755428055119041
dz,sl,7.576462256439465
mk,sl,7.559113541688075
pl,sl,7.444331463147725
cy,sl,7.415809468582309
wa,sl,6.640208817151012
ne,sl,6.542998675161159
or,sl,6.3355355993466205
lv,sl,6.250842550003728
uk,sl,6.221833378379656
nn,sl,6.007801017730348
oc,sl,5.918675274638984
gu,sl,5.862044200521984
lt,sl,5.858325828743068
fr,sl,5.777231995619063
it,sl,5.444380329538743
br,sl,5.286389693670953
sq,sl,5.2670495127186525
ga,sl,5.103572103931101
id,sl,4.8492243992739565
mg,sl,4.660112795755835
ms,sl,4.609557279544358
pt,sl,4.397979803330212
zh,sl,4.377088911351326
el,sl,4.307415557438767
mn,sl,4.27565847623756
hu,sl,4.166904172384078
da,sl,4.122878657890364
nl,sl,4.047608924812552
ca,sl,4.036269405194943
yi,sl,3.933329461376788
se,sl,3.9065746620350494
es,sl,3.866606893079346
vi,sl,3.864000298476041
sv,sl,3.637124588185867
km,sl,3.307339887057067
an,sl,3.053356073743665
gl,sl,3.0313603084374825
my,sl,2.8758777524634023
ta,sl,2.752230334476691
fi,sl,2.725412063212807
kn,sl,2.7118723879967424
tr,sl,2.694519633952586
rw,sl,2.635164492525808
xh,sl,2.572658928669745
eo,sl,2.4297029656297524
no,sl,2.252390149072562
eu,sl,2.2225096596411995
ar,sl,2.181381734396069
pa,sl,2.113478302134712
ku,sl,2.105112587848933
he,sl,1.7173737297392495
th,sl,1.646871441953871
ko,sl,1.5424182882657276
uz,sl,1.5276942260539796
hi,sl,1.436950913992388
bn,sl,1.4231140870960417
is,sl,1.293841677501595
mr,sl,1.280239642221937
hy,sl,1.2417907581007928
ja,sl,1.05615798464259
te,sl,0.922094876635541
si,sl,0.9174348854404792
ml,sl,0.9129388972661446
ps,sl,0.8986395454440022
tg,sl,0.7899485768491333
ka,sl,0.5845176056966332
fa,sl,0.503702431444075
ur,sl,0.3860877872466102
am,sl,0.3356987543878024
az,sl,0.3221241024842035
ha,sl,0.1214402402860357
ug,sl,0.1134271483285175
tt,sl,0.0795402365070487
gd,sr,43.78446761437194
sr,sr,29.84738178986741
bs,sr,28.963820179965275
hr,sr,28.776428666191368
mk,sr,20.740431918486912
sh,sr,18.584602034864965
ru,sr,16.279910685521962
bg,sr,15.922038742369068
uk,sr,13.468923650240145
sk,sr,12.32631226779555
cs,sr,11.993284468244076
sl,sr,11.877871813133012
el,sr,11.371582367328422
pl,sr,10.780527007828852
de,sr,10.44161599204737
ig,sr,10.128276526881876
tk,sr,9.56458671381108
nb,sr,9.461452170262582
li,sr,9.07298698163621
sq,sr,8.423030057387425
ro,sr,8.36051681412702
lv,sr,6.965315087001165
he,sr,6.684203138377305
zh,sr,6.522318976490217
mt,sr,6.4358527470882745
zu,sr,6.21063018833473
lt,sr,6.114005943227164
af,sr,5.993136359113019
be,sr,5.6013416950369175
nn,sr,5.491105773357002
da,sr,5.063524489811263
id,sr,5.016020549589981
ky,sr,4.965786974051203
cy,sr,4.9088934453784825
fr,sr,4.896271006884358
it,sr,4.866166546483091
hu,sr,4.803387963809223
fy,sr,4.639718947494769
nl,sr,4.629549328670878
ms,sr,4.394004656637539
pt,sr,4.235828832708392
ca,sr,4.170475652233516
sv,sr,4.021995864327532
mg,sr,3.86633755492021
vi,sr,3.851410341777127
br,sr,3.821645475307475
es,sr,3.659370378275999
kk,sr,3.6345986230408416
no,sr,3.615712365712256
et,sr,3.598959160091778
ga,sr,3.210595457168449
gl,sr,3.077672091123417
yo,sr,2.753288016921009
ml,sr,2.752448557621415
gu,sr,2.7510534258942294
tr,sr,2.740689704810392
fi,sr,2.6645983353140177
hy,sr,2.594835073056521
km,sr,2.486673143839217
te,sr,2.324550043772978
th,sr,2.2897428584913304
as,sr,2.274043053230134
eo,sr,2.272060986801542
bn,sr,2.206328595402684
wa,sr,2.190045697571233
si,sr,2.037054229197796
hi,sr,2.0218385596627857
an,sr,2.0097460570412395
ar,sr,1.9269164962831489
eu,sr,1.8305911462048376
oc,sr,1.732385565372094
rw,sr,1.730568341409041
ta,sr,1.7006795499779812
xh,sr,1.642266752010061
ne,sr,1.5036702639047053
is,sr,1.497505324668827
ko,sr,1.493713614876578
dz,sr,1.282033226797381
mr,sr,1.228355279271902
ku,sr,1.126994569405492
my,sr,1.1014916763735851
kn,sr,1.047506326015861
uz,sr,1.0191550834958982
se,sr,1.0189238973572892
mn,sr,1.008074923434444
or,sr,1.007654199206711
fa,sr,0.9383277713067448
ur,sr,0.8809288075928458
ja,sr,0.8578868883707316
ps,sr,0.7315255495417996
tg,sr,0.6311595933530073
pa,sr,0.5903881373798544
yi,sr,0.5099660840336719
am,sr,0.4444402060896218
az,sr,0.3753762254549282
ka,sr,0.228512661839114
ha,sr,0.1136063941820628
tt,sr,0.0787506294001845
ug,sr,0.0585706860982843
gd,sv,58.5233854061665
sv,sv,30.94352775625764
nb,sv,25.454671633817227
tk,sv,20.016977954494845
da,sv,19.220950583451007
no,sv,17.37301036537578
ig,sv,16.887145452483757
nn,sv,13.461756892683509
ky,sv,13.286931896163305
de,sv,13.02486824643537
zu,sv,12.267149297135807
yo,sv,11.372364508239844
fy,sv,9.851379173248612
et,sv,9.406855995581855
gu,sv,9.085728727265217
mt,sv,8.911748622363152
af,sv,8.415278775325149
as,sv,8.318313358388277
cy,sv,8.218517695032832
li,sv,8.171835814284538
cs,sv,8.1055453539931
ro,sv,8.077561019079186
kk,sv,8.041197163616358
dz,sv,7.960584111882193
ru,sv,7.087161848160108
oc,sv,6.883631590321648
or,sv,6.564461129375705
sh,sv,6.25104502550803
wa,sv,6.004441516622791
it,sv,5.986037619524468
fr,sv,5.943454154980433
lv,sv,5.846966017356396
be,sv,5.670473365508802
ne,sv,5.66660782620349
lt,sv,5.275086668057084
ga,sv,5.134427110479866
se,sv,5.02362799730595
mg,sv,5.005063471136436
sk,sv,4.97779374158885
zh,sv,4.960864169807743
sq,sv,4.90710211947837
br,sv,4.709077549507853
ms,sv,4.5847961896609615
id,sv,4.574383493374127
km,sv,4.573572855384587
pt,sv,4.565672743975036
nl,sv,4.531336566937975
vi,sv,4.498814293253304
ca,sv,4.251099670166753
es,sv,4.013000508736369
kn,sv,3.939812570278945
ps,sv,3.723076874813534
hu,sv,3.707275655304191
mn,sv,3.668802930232735
sl,sv,3.3824601875968745
el,sv,3.25291576233355
an,sv,3.221919124414549
pl,sv,2.9840566379224485
fi,sv,2.9647022462409773
he,sv,2.911224692559456
ta,sv,2.860781459044804
gl,sv,2.850724343652469
bg,sv,2.746534997806924
pa,sv,2.74125505602978
rw,sv,2.7366000122777043
xh,sv,2.666427432473504
tr,sv,2.625142336275602
hr,sv,2.601474817218289
ko,sv,2.5703729564665228
uk,sv,2.490702282218668
mk,sv,2.484227324390653
th,sv,2.35205413721046
is,sv,2.325833422431499
ar,sv,2.2991467058624213
eu,sv,2.29804085337488
te,sv,2.2690986893903298
ku,sv,2.22050808301754
bs,sv,2.149866223351483
my,sv,2.126148211191603
sr,sv,2.0099126786847723
eo,sv,1.8726111161637804
hi,sv,1.4645179692002293
yi,sv,1.3621285283815967
uz,sv,1.335426805273234
bn,sv,1.2661452453491684
mr,sv,1.227060596261748
ml,sv,1.211161740857852
fa,sv,1.014247797099424
si,sv,0.9974453740495962
hy,sv,0.8625402804586088
tg,sv,0.8366653774188484
ja,sv,0.7424085038943423
ur,sv,0.4772245925456809
am,sv,0.2837061689328472
az,sv,0.2326376472574535
ka,sv,0.1501921703189607
ha,sv,0.1458215803664998
ug,sv,0.1144550540943428
tt,sv,0.0773364311819032
gd,th,31.57474835044934
th,th,21.5831482370646
tk,th,15.954636866760994
ru,th,10.276389190978389
id,th,10.214849047540172
de,th,10.01062610217178
ms,th,9.89427527798568
ig,th,9.686793533000971
zu,th,9.602675595137466
nb,th,8.753218032405137
km,th,8.599806486029529
yo,th,8.49057433747505
he,th,8.266142375612626
fy,th,8.242875679817136
gu,th,8.205611206308896
ky,th,8.172837727843918
ro,th,7.854376054961307
el,th,7.664880320494376
af,th,7.461488319050987
be,th,6.95913557635531
li,th,6.781477395450582
nn,th,6.61780916381669
uk,th,6.420251309267155
kk,th,6.203550226203332
et,th,6.183667164035906
cy,th,6.1627157141687645
bg,th,6.1086015607947095
cs,th,6.080214798018873
zh,th,6.059170457762205
mt,th,5.737424001318903
ar,th,5.542614100611653
se,th,5.530455951634942
vi,th,5.285276767749145
sq,th,5.129500947341549
mk,th,4.932486331148562
da,th,4.918380936429472
te,th,4.7381385839955
as,th,4.705780166483521
it,th,4.598466127612324
nl,th,4.571033813713426
lv,th,4.559617691337037
fr,th,4.54069794437722
ne,th,4.510122451252149
kn,th,4.326085718508624
br,th,4.136006615364024
oc,th,4.070663851180624
pt,th,4.059229688617109
ta,th,4.051560785283701
ja,th,4.0378012717886165
ko,th,3.930626529960175
sh,th,3.9247824819084594
sk,th,3.8789900213540425
sv,th,3.848758284768971
es,th,3.7543659096809305
wa,th,3.746448345587576
lt,th,3.6627319417789934
pa,th,3.605449338238513
ca,th,3.5642874892621275
mg,th,3.369406978206868
ml,th,3.2947318293388537
my,th,3.2570372566671257
pl,th,3.146335457560624
hu,th,3.054641792812017
yi,th,3.029511680350463
hi,th,3.0081743581137927
gl,th,2.9743693194973004
no,th,2.9515044102268786
si,th,2.94092678541501
ga,th,2.8363807863218824
tr,th,2.7557685277852846
hy,th,2.623821215231472
an,th,2.5938167353901576
fi,th,2.3912158030349
hr,th,2.381962126044052
mn,th,2.3061799528976707
sl,th,2.258852639571269
ps,th,2.245240113014442
mr,th,2.2106790484843333
or,th,2.203902483224176
fa,th,2.1404849741656125
bs,th,2.1152933037293526
bn,th,2.021627301696977
eu,th,1.9285742007357456
sr,th,1.889605249995802
eo,th,1.756196089390823
ku,th,1.4109062628974822
rw,th,1.4031950848258314
is,th,1.1923659408298044
ur,th,1.1626921053369956
uz,th,1.102763935863572
xh,th,1.0815612467173488
dz,th,1.0609754363220358
tg,th,0.8325543013078934
am,th,0.7744248303384232
az,th,0.6221117794428302
ka,th,0.3634136195714214
tt,th,0.217703889187557
ug,th,0.1219557402324922
ha,th,0.1148045976326949
gd,tr,52.09293283220697
tr,tr,25.096793464235464
de,tr,12.77426033014517
ig,tr,10.686833980772562
az,tr,10.18226916956784
nb,tr,9.961667636472738
et,tr,8.68323334405627
ru,tr,8.484050279325466
tk,tr,8.159810908500685
ro,tr,7.966919619102151
el,tr,7.865382476422827
mt,tr,7.804747793622736
li,tr,7.579808211949599
sq,tr,7.260660143515929
oc,tr,7.229421199750394
cs,tr,7.225558734125367
af,tr,7.028407214611419
cy,tr,6.988383110186044
zh,tr,6.827788306526696
zu,tr,6.600561928916924
kk,tr,6.496479701638909
nn,tr,6.300462597748992
fy,tr,6.201516101465094
lv,tr,6.128019967005724
gu,tr,6.079675021067372
nl,tr,5.9502932994622455
mk,tr,5.780036536106973
id,tr,5.661253363386285
lt,tr,5.567895174422361
sh,tr,5.5115149195017175
it,tr,5.389218295237107
fr,tr,5.377147389061682
ga,tr,5.321431203924245
ms,tr,5.226301613021655
br,tr,5.178321501910625
ky,tr,5.152865929632506
ml,tr,5.067813403233082
be,tr,4.8334414963613686
da,tr,4.769629821808142
dz,tr,4.742621193427812
ta,tr,4.699439100334073
hu,tr,4.658683773033728
sk,tr,4.480685865235214
mg,tr,4.429923608501416
pt,tr,4.394389683255527
bg,tr,4.195444854353339
vi,tr,4.116744131912014
sv,tr,4.096930721025854
uz,tr,4.044044147396929
es,tr,3.914041269966391
si,tr,3.888511170325327
se,tr,3.814529325668801
yo,tr,3.768193004535597
ca,tr,3.759042895543255
bn,tr,3.649278758122488
wa,tr,3.5644932381214915
uk,tr,3.4579891968806025
hy,tr,3.375175883338483
he,tr,3.200103588739005
km,tr,3.152500307664357
te,tr,3.150480688157337
fi,tr,3.125108447529427
pl,tr,3.107983625237726
an,tr,3.0541272188785427
sl,tr,2.990355698169948
gl,tr,2.9745186908483494
hr,tr,2.89461711033833
as,tr,2.8939478580321
hi,tr,2.888990271613132
th,tr,2.7681308758746184
kn,tr,2.688242320343258
no,tr,2.578393226510228
eu,tr,2.492069710564768
mr,tr,2.416463602498233
or,tr,2.407067275667865
ur,tr,2.346581586074339
ja,tr,2.342753204649965
ko,tr,2.2669118270356674
bs,tr,2.2385997740003933
xh,tr,2.222129556027584
my,tr,2.183671857212093
sr,tr,2.0581501986240336
tt,tr,1.9904647046603867
ar,tr,1.9727882031538184
eo,tr,1.774857341351953
ne,tr,1.7747137936808923
rw,tr,1.7466834826578617
am,tr,1.6180151095082895
ku,tr,1.5720771968556426
mn,tr,1.4520862112879018
fa,tr,1.3902264830106084
pa,tr,1.341549818618568
is,tr,1.3374408542525906
tg,tr,1.1238676214662224
ps,tr,0.8249307160772863
yi,tr,0.6875292962728322
ug,tr,0.4441184809425983
ka,tr,0.2167247691562521
ha,tr,0.1787330877179312
gd,uk,57.512918678900526
uk,uk,26.542608497171305
ru,uk,20.69712795639111
tk,uk,20.032227999116216
be,uk,18.01834699901645
ig,uk,16.441434024544062
el,uk,15.311066341418435
cs,uk,13.83434834348476
ky,uk,13.827830516410032
bg,uk,13.049180785935732
de,uk,12.868734911211025
pl,uk,12.653284428654604
mk,uk,12.336162168114804
he,uk,11.983869480005827
sk,uk,11.793450255617048
zu,uk,11.75448811114367
gu,uk,11.454242395101929
fy,uk,10.623293691872629
li,uk,10.540102417196522
nb,uk,9.68558393494329
km,uk,9.679628250513971
ro,uk,9.306578296731372
af,uk,8.977306049860571
yi,uk,8.900350104871329
cy,uk,8.890798273870503
id,uk,8.86423833286741
et,uk,8.692746987617202
wa,uk,8.069402546608975
mt,uk,7.980291019025175
nn,uk,7.964260889907186
kk,uk,7.885692868897661
oc,uk,7.829637643561831
zh,uk,7.378375522758857
ar,uk,7.323501416860714
as,uk,7.29947322670052
ms,uk,7.298359659462771
lv,uk,7.130205705245064
fr,uk,6.919443947670401
th,uk,6.652870934584004
sh,uk,6.489731338362093
it,uk,6.388106892851872
pt,uk,6.11877770548616
br,uk,6.008177585272859
sq,uk,5.977611592844592
ne,uk,5.96609835707618
lt,uk,5.961090620296051
yo,uk,5.760384715113328
se,uk,5.729251856795891
te,uk,5.6628553220087605
es,uk,5.354919376685502
pa,uk,5.295541053553659
hy,uk,5.254840443235534
ga,uk,4.9813835503364
kn,uk,4.953561167492949
ca,uk,4.935963273260902
nl,uk,4.870833057423472
mn,uk,4.622416347659226
hi,uk,4.5752794421990295
mg,uk,4.549048411722143
or,uk,4.4934725539663365
ml,uk,4.304311771301551
sl,uk,4.198208742856102
ta,uk,4.1716812602028766
hu,uk,4.100666615757035
ko,uk,4.062745752755917
da,uk,4.030908638157678
vi,uk,4.003047069006998
si,uk,3.845951999184369
gl,uk,3.693509690874216
an,uk,3.693028379155541
fi,uk,3.548430749626707
ja,uk,3.482834451615996
ps,uk,3.434742613328048
sv,uk,3.420705839431498
hr,uk,3.4068822602493563
fa,uk,3.3996622751058085
my,uk,3.2807399717597936
bn,uk,3.0764546077628685
sr,uk,3.0287470062983184
rw,uk,2.874526422941084
ku,uk,2.8706555063488755
bs,uk,2.7739849944000547
tr,uk,2.655119475415083
xh,uk,2.652683707563592
no,uk,2.404889269665472
eu,uk,2.353277015806695
eo,uk,2.254667190287576
mr,uk,2.116413960434813
ur,uk,1.78476507876792
is,uk,1.3198996836667192
uz,uk,1.044226372687041
dz,uk,0.9008602195381676
tg,uk,0.813961560712226
am,uk,0.6662892392499844
az,uk,0.5087187430466451
ka,uk,0.5085352571189671
tt,uk,0.1426076810650855
ha,uk,0.1355418475500089
ug,uk,0.1219280411369237
gd,vi,48.705126950096925
vi,vi,25.83890803520608
tk,vi,18.99525905710013
ig,vi,15.169607958461343
de,vi,12.596357201934644
ky,vi,11.79092062750432
zu,vi,11.492652186541871
ru,vi,10.354123712159732
km,vi,9.364553731561784
gu,vi,9.249972818990758
el,vi,9.239993284533044
fy,vi,9.04965745851164
et,vi,9.04276401069139
ro,vi,8.520065261213942
th,vi,8.47062068840284
mt,vi,8.143449272256218
cy,vi,8.141078373192954
cs,vi,8.075407003466285
af,vi,8.033815502875866
kk,vi,7.879425014987078
as,vi,7.779527980954024
nb,vi,7.625436223834146
nn,vi,7.356428129355002
be,vi,7.01010730162449
yo,vi,6.924620517530841
li,vi,6.887260142865199
id,vi,6.879821864585562
he,vi,6.651809201114404
zh,vi,6.488931605316218
ms,vi,6.267777450909491
sq,vi,6.084359706037011
bg,vi,5.9160571283195305
uk,vi,5.875522308565781
fr,vi,5.593439530657747
br,vi,5.586986943219838
sh,vi,5.5193018027232
te,vi,5.413827413459349
lv,vi,5.391931360324634
yi,vi,5.347464531225548
it,vi,5.324080987782041
oc,vi,5.141942605112502
ne,vi,5.068375066761485
mk,vi,5.040695847828911
wa,vi,4.9947671646563165
dz,vi,4.7837613217745805
pa,vi,4.725098696891353
lt,vi,4.71680290802815
sk,vi,4.609474552002284
mg,vi,4.548368631284986
ar,vi,4.507168291851136
or,vi,4.447239268675756
pt,vi,4.338389554155586
mn,vi,4.2468854267444005
hu,vi,4.238303958720695
nl,vi,4.236379960124536
ca,vi,4.01627537226902
ga,vi,3.997603079262992
se,vi,3.9502143711109374
es,vi,3.9263763358382393
da,vi,3.743658472527644
ko,vi,3.733454419779687
pl,vi,3.662581412620356
si,vi,3.519902992531822
my,vi,3.460379243550752
sv,vi,3.3156738281746163
ta,vi,3.2722978590850715
hy,vi,3.184653061204082
ps,vi,3.1455940546652306
sl,vi,3.139481771704224
an,vi,3.104792375230089
kn,vi,3.0968213654878443
gl,vi,3.046144648888986
hi,vi,3.036123451285853
tr,vi,2.995998880617932
ml,vi,2.917081467531206
bn,vi,2.600821567635824
rw,vi,2.59033839357169
hr,vi,2.559374470570589
fi,vi,2.504755860553833
ku,vi,2.396663899957839
eu,vi,2.253595622152417
no,vi,2.21869216988376
bs,vi,2.181869817950384
ja,vi,2.102826160817137
xh,vi,2.093840456087709
fa,vi,1.9922178475960408
sr,vi,1.922413921677004
eo,vi,1.7875062475416896
mr,vi,1.739893777764664
uz,vi,1.6229348316575256
is,vi,1.2637690364330885
ur,vi,1.0547746465707335
tg,vi,0.9941884910199882
am,vi,0.6429384296099624
ka,vi,0.6033321255694658
az,vi,0.4986684623262201
tt,vi,0.2282561040487683
ug,vi,0.1518442919655873
ha,vi,0.1434101993367788
gd,pl,57.57523468319297
pl,pl,25.590850013772197
tk,pl,18.19477740077746
ig,pl,16.604283420477447
de,pl,12.856391256964478
li,pl,11.044473380300095
ru,pl,11.001619642736609
zu,pl,10.81214379516244
cs,pl,10.100996762996424
mt,pl,9.219677530166784
yo,pl,8.95671569122143
et,pl,8.662942654698075
ro,pl,8.342223651899443
kk,pl,8.314885092558649
nb,pl,7.818833358055079
be,pl,7.730176765639284
dz,pl,7.638685064735068
sh,pl,6.937923596835602
sk,pl,6.83496126000762
af,pl,6.735105158238395
nn,pl,6.726501470729869
cy,pl,6.603950201501611
gu,pl,6.425097279897023
uk,pl,6.413558084212196
fy,pl,6.343039530427053
zh,pl,6.106100828555075
oc,pl,6.041668989950651
fr,pl,5.89681408216721
lv,pl,5.862291105578334
it,pl,5.651614174932285
lt,pl,5.294704806294526
mg,pl,5.187450394832443
ga,pl,5.142521354030524
vi,pl,5.1206851536689175
ky,pl,4.941697177304313
sq,pl,4.81920097711382
br,pl,4.805427937950205
ca,pl,4.549240367463312
pt,pl,4.517477091400623
id,pl,4.276704053905769
hr,pl,4.2180284828487205
es,pl,4.01546167530774
nl,pl,4.001582367332582
ms,pl,3.9870078339807
da,pl,3.969729429038937
wa,pl,3.964478313443226
bs,pl,3.960005968059901
hu,pl,3.701434473352141
or,pl,3.660583261235396
sl,pl,3.596741871480247
se,pl,3.5435584624973906
bg,pl,3.43157917940495
sv,pl,3.347166140516419
as,pl,3.3422477444065795
an,pl,3.136695170660471
el,pl,2.9709520396524822
gl,pl,2.9202215343041718
fi,pl,2.894988560302245
rw,pl,2.7651094407340078
tr,pl,2.7330179940461434
mk,pl,2.72436224740535
sr,pl,2.612685492425324
xh,pl,2.392668412605357
mn,pl,2.385971477996659
eu,pl,2.300452890918857
ne,pl,2.296465576761845
ku,pl,2.169104728465679
km,pl,2.09007683632624
no,pl,2.0830821829511
my,pl,2.039527091484276
mr,pl,1.9754840401390428
ar,pl,1.952222175903023
ta,pl,1.667363172671677
yi,pl,1.6190552210608815
kn,pl,1.6050052049796677
he,pl,1.550302920625669
pa,pl,1.5325459463433535
eo,pl,1.5293533661695693
uz,pl,1.4941004294933469
hy,pl,1.3835369368913344
is,pl,1.2695083810684589
ko,pl,1.2488316459501942
th,pl,1.2232588638251929
bn,pl,1.1908713502709276
te,pl,1.0893715379544848
hi,pl,1.08666381558352
ps,pl,1.0547755590125387
ml,pl,0.8602931228333497
tg,pl,0.7791873096963636
fa,pl,0.770983815575156
si,pl,0.7313552025891524
ja,pl,0.6058126383958595
ur,pl,0.3748070371516499
az,pl,0.3060211834238013
am,pl,0.282535462044343
ha,pl,0.1496142839310933
ka,pl,0.13837309948449
ug,pl,0.1082954480576547
tt,pl,0.0845548147214849
gd,pt,53.90863203264078
pt,pt,36.30647275520376
tk,pt,20.231831661717823
gl,pt,17.048278239790886
ig,pt,14.694956228900532
de,pt,11.992414243283957
zu,pt,11.560774969884733
li,pt,11.183558458936533
yo,pt,10.485178525609928
es,pt,9.325964507991117
et,pt,9.203393067123878
ro,pt,8.766620092285658
mt,pt,8.381616798066426
dz,pt,7.925722385971183
cs,pt,7.85617712607193
nb,pt,7.811603385894072
ky,pt,7.398606983439512
as,pt,7.391697455538173
kk,pt,7.154889585824732
ru,pt,7.01643912733052
be,pt,6.781122472233965
cy,pt,6.778923553301834
nn,pt,6.769525820069466
ca,pt,6.512075935369217
or,pt,6.049857893584656
gu,pt,5.897403292088827
lv,pt,5.8709719999304175
fr,pt,5.844812737978475
yi,pt,5.796403325599317
sh,pt,5.780372211006899
af,pt,5.759967963617119
fy,pt,5.60336072443018
it,pt,5.531885634397715
an,pt,5.411332237848305
mg,pt,5.2461888605190605
oc,pt,5.1866892842631085
ga,pt,5.151234934960503
lt,pt,4.9892919550878325
vi,pt,4.958871657056955
sq,pt,4.8529982442010136
ne,pt,4.631478388912858
wa,pt,4.62620920120051
sk,pt,4.1690854519259615
br,pt,4.035142399173494
nl,pt,4.010169812343072
se,pt,3.988376731678773
uk,pt,3.969193199232176
hu,pt,3.922588191823369
km,pt,3.826859498748776
id,pt,3.752294328966209
da,pt,3.695295458009532
ms,pt,3.666078055291453
el,pt,3.517879124850461
bg,pt,3.381396979666057
sv,pt,3.195863790366344
my,pt,3.0519562008701397
pl,pt,3.0428589461528195
he,pt,2.878668244362365
ps,pt,2.81366037921052
mk,pt,2.753086106768315
hr,pt,2.7382577285415626
rw,pt,2.7210004503629395
sl,pt,2.618872744430459
ar,pt,2.599457122427681
tr,pt,2.5938654594060937
mn,pt,2.520131453263593
xh,pt,2.487110366144464
fi,pt,2.471459670299545
ta,pt,2.257648182275218
bs,pt,2.2278384720111544
th,pt,2.1332518263038223
eu,pt,2.0934346796108776
pa,pt,2.0134114428776977
mr,pt,2.0004102038927813
no,pt,1.9807039427712865
kn,pt,1.9790264532286783
ku,pt,1.8751639389010968
sr,pt,1.7222783467024465
si,pt,1.6867936004718456
ko,pt,1.6552321675281625
te,pt,1.627733208577787
bn,pt,1.54112699829649
eo,pt,1.5077313140066375
hi,pt,1.4192517079012057
uz,pt,1.412434011808618
ml,pt,1.3635954640087626
zh,pt,1.35244488369656
is,pt,1.2296466820338012
ja,pt,1.2291302917590392
hy,pt,1.2279701792526794
fa,pt,0.8674868419703949
tg,pt,0.7613806022781987
ka,pt,0.6639775282159395
ur,pt,0.6257203726658838
az,pt,0.315859030007966
am,pt,0.2755515377267203
ug,pt,0.1111926472770493
ha,pt,0.0940152102586098
tt,pt,0.0840818348916817
gd,ro,58.11564198399897
ro,ro,37.65856390845829
ig,ro,17.21299351005369
de,ro,12.933920431697556
zu,ro,11.75853153006532
tk,ro,11.723344422010111
ky,ro,10.00288166585937
li,ro,9.971401469712934
et,ro,9.32891665852798
mt,ro,9.3235813610918
ru,ro,8.875533823577886
sq,ro,8.70367732419063
cs,ro,8.356492366000499
cy,ro,8.155348397166788
el,ro,8.11297937594769
af,ro,8.064909918007418
nb,ro,8.031730907744931
fy,ro,7.82513092732999
it,ro,7.315124119193293
nn,ro,7.124316523517978
dz,ro,6.749201148464505
mk,ro,6.714992959844379
lv,ro,6.6143322482039855
fr,ro,6.115427454417702
sh,ro,5.996134653452633
bg,ro,5.995383797061163
be,ro,5.668364917777295
he,ro,5.543547735050311
br,ro,5.492235492927829
oc,ro,5.484209338698774
ca,ro,5.351723199759881
sk,ro,5.258986361868663
yo,ro,5.200556802385753
id,ro,5.147879241542974
lt,ro,5.085657480253363
kk,ro,5.080976804926834
pt,ro,5.079191863722967
ga,ro,5.017384560696064
zh,ro,4.982808453528814
mg,ro,4.95239431747588
ms,ro,4.757160345393265
wa,ro,4.59111406356016
es,ro,4.417573817088587
nl,ro,4.41541281902441
uk,ro,4.32233100069034
da,ro,4.27573940041842
vi,ro,4.221976631699668
hu,ro,4.107228533955079
an,ro,3.85646165101358
km,ro,3.832507660477119
pl,ro,3.6216096437021386
sl,ro,3.5311405373982603
gl,ro,3.4813594505958902
sv,ro,3.3785850642447874
ne,ro,3.3452666000577884
se,ro,3.2598139906796764
gu,ro,3.243141109239201
as,ro,3.010066890236676
hr,ro,3.004970609552712
mn,ro,2.8536733609415927
tr,ro,2.782482145616021
ku,ro,2.7167147115058685
bs,ro,2.626203525719973
fi,ro,2.5633332794548256
rw,ro,2.53038669683065
te,ro,2.502864997348548
th,ro,2.4726299057877417
ar,ro,2.421947161402929
xh,ro,2.3416015321697827
sr,ro,2.337005111222445
eu,ro,2.297352178564253
eo,ro,2.265249291447486
or,ro,2.09082698956378
yi,ro,2.0177744741863703
no,ro,1.9615625798585543
my,ro,1.8873299656675908
ta,ro,1.740232628766194
hy,ro,1.570138287457654
kn,ro,1.5076016285415117
ml,ro,1.4660083377864497
bn,ro,1.3515948723746631
uz,ro,1.3447986353839945
ko,ro,1.3330497308393023
hi,ro,1.2410630229590989
pa,ro,1.2201249762541282
mr,ro,1.1738679849493896
ps,ro,1.1475996517749891
is,ro,1.0054002469990349
fa,ro,0.9468835048100503
si,ro,0.8176127673344937
tg,ro,0.7618037606343168
ja,ro,0.6907226897697463
am,ro,0.5005550915891747
az,ro,0.3669971055988466
ur,ro,0.3230181691748838
ka,ro,0.3063162598578847
ug,ro,0.1022230588353212
ha,ro,0.0892736455953186
tt,ro,0.0786372174188723
gd,ru,60.28726805155231
ru,ru,33.872244138948695
uk,ru,21.02579943521694
tk,ru,20.84908169590392
ig,ru,17.07909573524546
el,ru,14.438774318317265
bg,ru,14.41266256771286
de,ru,14.029533725149996
mk,ru,12.928772238753591
zu,ru,12.262120199018108
be,ru,11.090423118674767
yo,ru,10.89256650976126
cs,ru,10.789160709026772
li,ru,10.660200765380164
et,ru,10.017387339402047
fy,ru,9.447613646497686
sk,ru,9.383813552603298
ky,ru,9.279755408294813
he,ru,9.185796598016507
cy,ru,9.02578813508784
mt,ru,8.98776736017572
fr,ru,8.843696606208654
ro,ru,8.742477420861691
pl,ru,8.571074856867359
af,ru,8.563358068185037
it,ru,8.527213354192753
nb,ru,8.409424550117807
dz,ru,7.696153152063656
nn,ru,7.353308828486168
sh,ru,6.55764963125324
wa,ru,6.381160584916259
ms,ru,6.319124284024367
km,ru,6.223568994527148
lv,ru,6.098753855557187
id,ru,5.953198326497345
br,ru,5.862327449210688
oc,ru,5.795197334441743
pt,ru,5.737777204671602
sq,ru,5.561557143929173
ga,ru,5.5544105386337685
es,ru,5.294339897197293
kk,ru,5.230548777081006
lt,ru,5.110665477463662
mg,ru,5.048219821996653
gu,ru,4.897911443710802
hi,ru,4.891534426967853
vi,ru,4.883327295489591
zh,ru,4.701678321994975
yi,ru,4.646967481779706
ca,ru,4.592562748350397
nl,ru,4.273160596357333
se,ru,4.268937810681035
hy,ru,4.088613532594066
da,ru,3.964773740876993
an,ru,3.921436805672656
or,ru,3.794037833244136
hu,ru,3.654048237502911
ta,ru,3.537824703153718
ar,ru,3.52706964418108
gl,ru,3.479829171424477
sl,ru,3.419616637931276
sv,ru,3.198445504957163
ne,ru,3.152467893807304
hr,ru,3.101340022515115
mn,ru,3.0396026654300585
bn,ru,3.033287335331346
ku,ru,3.005843342593486
my,ru,2.9388486974425763
th,ru,2.9062249908485125
te,ru,2.8514689164383573
rw,ru,2.829216533763067
ml,ru,2.7047637140343865
bs,ru,2.683134831308504
tr,ru,2.667804336572632
si,ru,2.642073301915963
sr,ru,2.5904310007750557
xh,ru,2.562996523259684
fi,ru,2.530017281045769
eu,ru,2.4434594678440806
no,ru,2.2645487649062805
as,ru,2.210426202191597
fa,ru,2.112335538414949
kn,ru,2.088940354940039
eo,ru,1.9665231349694483
ko,ru,1.9264253925587045
uz,ru,1.598435078486929
ps,ru,1.5026964242599177
pa,ru,1.3652294144135342
ur,ru,1.3530286102847808
is,ru,1.236647386444918
tg,ru,1.0928208988615395
ja,ru,1.055509081281364
mr,ru,1.0355479172599522
am,ru,0.6161366071987843
ka,ru,0.6078788555897096
tt,ru,0.3961212459204383
az,ru,0.3099674172385746
ha,ru,0.150047840092405
ug,ru,0.1007202189834245
zh,zh,40.29690915038332
gd,zh,39.41986018321664
tk,zh,18.74652634081516
de,zh,12.564851096327118
ig,zh,11.0364495745244
li,zh,10.951483814594358
ru,zh,10.692672123248084
th,zh,9.836590857973288
zu,zh,9.670456929012598
et,zh,8.991235453678078
cy,zh,8.293473489984732
mt,zh,8.282130342347342
he,zh,8.189745516072438
ro,zh,8.1364136714911
nb,zh,7.827335686988058
af,zh,7.581508102585042
id,zh,7.2000398180519465
cs,zh,7.1156852434655855
el,zh,7.053419975915889
ms,zh,6.742429493812737
fy,zh,6.717224421779547
ky,zh,6.585623587992874
nn,zh,6.464822918327083
fr,zh,6.397500118646693
mk,zh,5.785161652430759
ja,zh,5.769001394401196
km,zh,5.736281093982338
bg,zh,5.713139113156296
it,zh,5.701756179453525
sh,zh,5.4503101791414
uk,zh,5.429170609109614
sq,zh,5.397386843682422
be,zh,5.346983917872167
ar,zh,5.303104904291732
lv,zh,5.143520165422842
ko,zh,5.073457546361869
br,zh,5.0189842548240895
lt,zh,4.976196302435481
te,zh,4.857648468611303
gu,zh,4.815770524008268
sk,zh,4.703521331938808
mg,zh,4.569548331129598
si,zh,4.462899838351147
ta,zh,4.457722287680199
wa,zh,4.375021497512902
hu,zh,4.313795079510998
nl,zh,4.292800314917809
ml,zh,4.276288079353884
vi,zh,4.242401857264881
da,zh,4.242373494696529
pt,zh,4.239872453311678
as,zh,4.182170890877226
ga,zh,4.104176270978384
es,zh,3.999673233087081
hi,zh,3.899853178349016
ca,zh,3.842309970757551
kk,zh,3.7296720350730337
yo,zh,3.471143182745668
sv,zh,3.451582751183873
bn,zh,3.3072288987322027
ku,zh,3.2679581712200263
mr,zh,3.258071165427097
an,zh,3.17662258285744
sl,zh,3.113290122915892
yi,zh,3.0666598041424598
tr,zh,3.0621185620582803
pl,zh,3.051290560882415
ne,zh,2.9984928407767217
gl,zh,2.8969331055265224
my,zh,2.8594621896829384
fa,zh,2.77984942334387
no,zh,2.678191849889509
hr,zh,2.6213056631499843
se,zh,2.582633696627506
fi,zh,2.487144085678274
hy,zh,2.392913680903223
ps,zh,2.385650018051257
kn,zh,2.3454035377187417
eu,zh,2.306778252408776
rw,zh,2.282217637027077
or,zh,2.126686791726733
bs,zh,2.084118848374476
sr,zh,2.0294235317721943
ur,zh,2.016420794627405
uz,zh,1.9407000667397447
xh,zh,1.8809932499651492
mn,zh,1.8517995213161984
oc,zh,1.825908098183971
eo,zh,1.65228157412203
pa,zh,1.4857351790179505
tg,zh,0.9586148636545172
am,zh,0.931458989459966
is,zh,0.913476344319154
dz,zh,0.8104352302158113
ka,zh,0.6262257412842201
az,zh,0.5147543851452003
tt,zh,0.2704544444672236
ug,zh,0.197503479957276
ha,zh,0.1718103324960206
