task_lang,transfer_lang,exact_match,f1_score
ar,ar,15.798319327731091,21.96151180669468
es,ar,7.73109243697479,14.734803109551216
tr,ar,6.050420168067227,11.56875927602636
vi,ar,7.983193277310924,15.845495913400972
ro,ar,8.235294117647058,14.501467380582971
de,ar,8.739495798319327,13.858266369749202
en,ar,7.310924369747899,12.795959091342125
th,ar,9.915966386554622,14.991869475062758
el,ar,9.243697478991596,14.679682041113626
zh,ar,7.310924369747899,13.344604508470058
hi,ar,9.747899159663865,14.751473318869891
ru,ar,6.554621848739496,13.697146123690205
de,de,29.2436974789916,39.11072137137244
zh,de,14.705882352941176,23.75804167820973
hi,de,16.470588235294116,27.502773262305503
th,de,19.49579831932773,28.453354068900307
ro,de,21.09243697478992,30.29603596641689
ar,de,18.067226890756302,28.5448189240802
es,de,21.09243697478992,31.71414325246016
ru,de,20.33613445378151,31.708850379265787
vi,de,17.899159663865547,30.45120768852467
el,de,18.907563025210084,29.24467118064932
tr,de,17.142857142857142,27.67696318579006
en,de,25.210084033613445,33.92472457050495
el,el,20.672268907563023,27.13064182564386
de,el,14.369747899159664,20.74746034571348
vi,el,12.268907563025213,21.09994819507
ru,el,13.025210084033612,19.878997387134863
es,el,13.109243697478991,20.21395200568981
zh,el,8.823529411764707,15.404795251433908
ro,el,15.46218487394958,21.24037945167329
hi,el,12.857142857142858,19.200733692817813
tr,el,11.092436974789916,17.574721787088457
ar,el,13.445378151260504,20.83125347192197
th,el,15.042016806722687,20.90231393747538
en,el,15.966386554621849,22.036829938617533
es,en,26.47058823529412,38.15320013468954
el,en,23.865546218487395,34.01686306495144
ar,en,19.159663865546214,29.4516685209754
th,en,21.680672268907564,30.0222907344756
tr,en,19.2436974789916,30.386018659414127
vi,en,23.361344537815125,36.339588123829
ru,en,23.10924369747899,34.48770268636424
zh,en,18.907563025210084,27.297585700947053
de,en,26.89075630252101,36.89856851269016
hi,en,21.84873949579832,32.125871780638136
en,en,39.41176470588236,49.42194405081153
ro,en,26.974789915966387,35.73720614838282
en,es,34.20168067226891,45.18577798865483
ar,es,23.445378151260503,37.1084912910849
ro,es,31.680672268907564,43.22407379297169
tr,es,23.361344537815125,35.522998248050094
es,es,33.27731092436975,47.65024932688653
hi,es,23.025210084033613,34.13176908508155
th,es,25.54621848739496,35.44733837590983
ru,es,26.050420168067227,39.55821366181699
zh,es,20.084033613445374,31.080795954745547
de,es,28.571428571428573,40.90519412100776
vi,es,27.142857142857142,41.95752224100285
el,es,27.22689075630252,39.308129335827495
de,hi,19.747899159663863,29.52525541100104
ar,hi,17.478991596638654,28.371377724351103
ru,hi,17.647058823529413,29.68411042107433
tr,hi,17.22689075630252,30.05772144841444
es,hi,16.638655462184875,27.80415453677503
el,hi,20.084033613445374,31.4125719356512
ro,hi,18.15126050420168,28.21938479904196
zh,hi,18.823529411764707,27.39315726290517
th,hi,22.26890756302521,30.14429104975323
en,hi,18.73949579831933,28.89485825010545
vi,hi,16.638655462184875,29.60606206579584
hi,hi,33.27731092436975,44.74178773474145
ro,ro,40.33613445378151,53.19775146586607
de,ro,27.563025210084035,40.99525666481184
es,ro,27.81512605042017,42.66884846245682
en,ro,28.73949579831933,40.88556235522442
vi,ro,25.210084033613445,40.561724094154
tr,ro,20.16806722689076,33.03120559740967
zh,ro,16.050420168067227,27.752300920368143
ar,ro,23.277310924369747,38.27096872461012
el,ro,26.050420168067227,38.91854734583608
th,ro,23.025210084033613,34.2909083029605
ru,ro,23.69747899159664,38.62776573896805
hi,ro,21.176470588235293,33.693852154712985
ro,ru,15.546218487394958,22.2531306573016
ar,ru,13.025210084033612,20.38220719273058
th,ru,13.949579831932772,20.098105909030284
de,ru,14.957983193277313,21.76258144154979
vi,ru,11.84873949579832,21.08435122702913
en,ru,13.697478991596638,21.032619123213863
tr,ru,11.260504201680671,19.06350355941632
zh,ru,9.243697478991596,16.4243576218366
es,ru,13.193277310924367,21.358093639364405
ru,ru,20.50420168067227,29.21907497289028
el,ru,12.77310924369748,21.32289544365671
hi,ru,12.268907563025213,19.29026858508304
el,th,11.84873949579832,16.909875151449807
zh,th,23.865546218487395,29.233159930638923
es,th,10.756302521008404,16.93343019203045
ro,th,11.176470588235292,17.15807177744736
hi,th,11.008403361344538,17.169088354381483
en,th,11.428571428571429,17.935979556205663
vi,th,11.344537815126053,20.21998439108668
ru,th,8.571428571428571,16.722161499228502
de,th,11.428571428571429,17.022357283975634
tr,th,7.226890756302521,13.693339670698618
ar,th,10.92436974789916,17.337079294327424
th,th,30.756302521008404,34.90188639558389
es,tr,22.01680672268908,31.51495273261391
hi,tr,23.529411764705884,34.69643004444351
el,tr,19.41176470588235,29.545873610377424
en,tr,24.369747899159663,33.04248488938606
de,tr,24.45378151260504,33.76292101093669
tr,tr,31.008403361344534,43.743071282362216
ro,tr,24.369747899159663,32.860180562905235
zh,tr,20.92436974789916,29.69734560490865
ru,tr,19.41176470588235,30.747307697100634
th,tr,23.025210084033613,31.305952684103943
ar,tr,17.647058823529413,27.59550486782941
vi,tr,20.252100840336134,32.071826529603364
ru,vi,27.142857142857142,41.03481593444336
es,vi,28.067226890756302,42.37868150811455
ar,vi,24.03361344537815,37.27740209657679
th,vi,31.09243697478992,42.55015106275617
tr,vi,23.69747899159664,36.27301340557179
zh,vi,22.18487394957983,34.489292686771755
ro,vi,31.09243697478992,43.85582859094798
de,vi,28.067226890756302,39.53529290296703
en,vi,33.69747899159664,44.54556785280957
hi,vi,26.974789915966387,39.22031912711486
el,vi,27.478991596638654,40.13156755337699
vi,vi,39.49579831932773,54.81389451650843
en,zh,5.714285714285714,10.362300309541702
vi,zh,4.957983193277311,10.682320583456876
zh,zh,18.65546218487395,21.50129142566117
ru,zh,4.369747899159663,9.673785026353688
tr,zh,4.53781512605042,10.341099929254309
hi,zh,7.226890756302521,11.994797031709574
ro,zh,4.7899159663865545,8.686446723678154
el,zh,4.7899159663865545,9.778496982930111
de,zh,4.873949579831932,9.702280290003548
es,zh,5.378151260504202,10.186695779432345
ar,zh,6.050420168067227,10.543255646243978
th,zh,13.025210084033612,17.144720567652904
